price,competitor_price,demand,seasonality,customer_segment,sales
127.39560485559633,134.27319688064722,744.4899735928724,0.4554763784417377,2,760.1256577312882
93.88784397520523,94.63894921437094,421.4040363069567,0.11885798957022997,1,723.3791238592213
135.85979199113825,145.29751615601035,866.6810701718899,0.5691734267387764,0,844.1680452792151
119.73680290593639,115.07945897177368,316.8794442368056,0.15642882803336522,2,655.0096780743962
59.41773478876495,61.58988653192495,584.5541410779622,0.06095833389785599,2,782.5311512935925
147.5622351636756,138.50929882268008,265.72529543426424,0.4986678334288609,0,602.2866984025646
126.1139701990353,98.92651908307977,545.7705547472578,0.655373450046628,1,743.0135767570978
128.60643052769538,64.1638967972905,237.2198580805476,0.854147306406393,0,537.4057998456493
62.81136326755458,65.26901338414207,245.42076193436972,0.7828355539543036,2,763.1273420632281
95.03859378955671,118.75339351098718,651.0010393378141,0.8572405127565482,2,889.4174341691977
87.07980242325812,54.737250672948974,337.40743795819003,0.7600687708208905,0,628.4846425379142
142.67649888486017,78.65937649138132,255.13050390782257,0.7032393969061393,2,599.3821297315662
114.38651200806646,63.97875904698681,936.7914251215658,0.010137569140699632,1,698.7571198742442
132.276161327083,94.10774296172843,138.70292566604596,0.6261023118092105,1,494.8193894719129
94.3414198827331,91.43537719943613,608.6333014262984,0.12048180413911769,0,712.8752647259613
72.72387217847769,102.1876434688856,593.4374576499388,0.05866713233254106,2,900.0770492936637
105.45847870158349,77.96363291025303,325.54798696275384,0.1564121521056554,1,521.9298071284009
56.38172561041753,53.204358937817716,507.49457060153605,0.8232921614417502,2,818.062857373177
132.7631171992582,111.43861065351858,178.96400477437192,0.7438493931000214,0,538.1276888439556
113.16643991220649,87.37180028823514,749.1431313314971,0.9487724052052123,1,824.7358752163871
125.80877400853738,115.13349987400464,299.5274335391409,0.9789762586504105,0,588.9117995665488
85.45259681298683,60.866697080426846,274.0468238439003,0.8932839863739821,2,793.2150609397464
147.06980243949033,51.37773552940503,383.39063044975273,0.13292605097699917,1,446.04802790611507
139.31211213221977,74.82942478852928,912.1329282368278,0.8783827409249804,2,837.6343085062183
127.83834970737618,95.65473229940523,816.8199834551883,0.8386371347886453,0,827.0502983300299
69.46387078519676,89.40719741684673,952.2030620203818,0.8710858598596973,2,1002.6215720154
96.67210037270343,131.03025552734664,686.7661114297769,0.15168561711649142,0,748.3230282497523
54.380376578722874,87.78376441928239,696.6293599288789,0.11679182777331754,1,767.2290183647254
65.42894920675478,103.04411796030789,532.0278994835953,0.9238088795840816,0,810.3563460683364
118.30489532424546,109.35155924421922,914.6676910302779,0.17382664913450452,0,667.6170818889507
124.47621559078172,52.18313916458116,559.7894343432961,0.3686217310426012,1,610.2924889742162
146.75097324342102,101.5133376846189,419.5540637155222,0.45598484949406026,0,538.4085164669812
82.58253581381518,84.48312593988379,676.3375089258986,0.12444252782956444,1,733.4110532689382
87.0459706034869,92.12801276832546,591.5255440608671,0.02063428803254741,2,752.7043660685853
96.95558112758079,60.028739849525024,211.61783377890595,0.9940904697671161,0,597.0931978643137
68.94713590842858,128.28205656486452,453.4528725211866,0.8766572448349611,2,865.6574324638004
62.99215053354716,144.24042508085225,381.992869985032,0.9123379293506373,0,855.53883820113
97.57049262259338,52.22688206296,862.1503975100186,0.2845630692721185,0,720.9578539209425
72.69093490508841,110.13727628113479,440.9583012757979,0.22010157274543907,1,658.1536503489415
116.98139946825104,126.38440672883581,839.3997093750033,0.4258665581754266,1,864.1792189886802
93.71519188723308,78.48075886498894,498.15063451085103,0.45331936897800684,1,602.0253094319778
133.26781960578376,128.75555848632166,778.150507101049,0.005599438864240636,0,665.735342217419
120.0265102002249,113.23550507663012,221.75373566007093,0.7792531125598329,1,566.7122594208154
81.2366641382041,142.91626322710698,932.1851976926162,0.9966670381420173,0,1071.5848061972408
133.22598013952012,148.10048113537727,532.5039017190264,0.5286908701020894,0,625.4791330011715
130.4764357496802,54.23461139987048,333.8184210636757,0.38825869501245125,2,452.34920732107787
88.74783790301746,94.49377610270062,317.3406457283262,0.3927518932212033,0,613.0862624985919
78.8328103930244,104.69877875782183,338.5695597174747,0.09607713217210068,1,650.7192285422453
118.24955039749754,64.67432332076525,430.0517556261709,0.26616181836401176,1,478.01717722327817
63.975248360930976,83.62858304273617,745.7675794080551,0.5021327886346312,0,838.1586759613152
69.99082024751084,148.7647447756462,954.6427386107142,0.43184800113469735,2,979.1712555048157
50.73622697510055,51.62304563424714,702.133687111269,0.5450347457431102,1,775.4198260528545
128.69243775021386,95.2507931524384,592.4496438496907,0.8490656486374066,2,730.2046729616958
116.48508565920321,134.26546217181962,503.7380272154212,0.22524230269961198,1,743.9136232183752
120.51653786263351,82.39012627192884,845.3750203338548,0.027664180906311953,2,810.9852598091524
128.0729031021968,97.97985027551533,864.6914822014629,0.038225445282740744,2,818.5496573112551
95.891577553834,147.804574578798,363.7339069895367,0.13416880530685837,0,662.0627249173007
106.87411959528937,97.48768364757039,958.0782237880871,0.5704829848044025,2,790.7124558400043
63.979699812765745,63.0921312146499,455.60382688574384,0.8081848100379248,2,829.6027543299447
61.45300735359734,55.17214916663911,820.070262272375,0.8868059392806316,1,962.6473415861947
116.84029617904716,144.54165724399485,970.13789027401,0.6351132019749712,0,945.5256088151514
97.10962061431326,76.58094132750657,733.29229077005,0.40314325245089344,1,773.2485854045394
106.52361064811888,100.40639065645509,245.39565380607436,0.15451470815614743,2,559.3775821552631
126.49988574160255,59.07017660899686,627.5232596565378,0.40141833944347904,1,581.6145949737729
113.47183200005908,92.3655120550605,206.89941078602058,0.33241513390778354,0,591.5736714802861
105.35794006579958,143.0105519250124,810.2278358820337,0.8700258808571377,1,861.1705148288848
105.92071607454136,100.24129936309384,353.18365648649467,0.4867193774106072,2,640.2610923192422
80.39500980626121,147.1135151802328,725.6933407540167,0.22619589995452882,0,892.0805576254796
53.08178345679394,75.88356372373997,919.080706717179,0.2888010668157799,1,888.6623691893769
93.67173892323623,100.45452397039372,262.90886560315516,0.136470164542689,0,495.945562434614
71.45846728195292,135.95307918093252,453.57205474105007,0.9185854490691312,2,1011.4484063046102
90.85286437246361,94.82523545537438,682.4069092662096,0.05034584623646854,2,811.4899815873214
135.34030732681663,77.94873735701896,477.692733528551,0.012846248555894224,2,551.6009072684338
73.39394858653407,135.54753634178815,257.33704746224373,0.18298893352686874,1,665.2385907889173
55.8302741689066,88.98894688726091,126.1644527519173,0.8108740179106257,0,764.4371877802462
78.13838920219965,103.0723291060234,465.9383293317666,0.5234667866310813,1,764.8560581098608
79.35937577666836,147.65270664151456,684.2881239237283,0.6258432873769864,2,1051.8448734950732
116.1916514726895,68.6483294755864,616.5857873372398,0.3577316754157348,0,636.5023682227259
105.70321523412784,80.14006367201857,240.61711578457817,0.06867798554917004,0,446.406347231655
128.38982091064133,53.106960006983996,505.62409948064794,0.8561581624921681,2,628.6783343037658
116.43135403273875,89.18377099100528,432.52394156312755,0.19189427212540744,1,666.1788398008022
90.63868614400705,70.01834305848595,346.7821620640599,0.033059200545114686,0,597.9030295640906
131.40203846660347,118.00349354078914,756.3441194743504,0.5727041359331937,0,623.5003315288809
66.6972919907704,68.13214587658524,378.6868270244659,0.08328922038460107,1,675.9187415547523
52.27120731338605,117.48127524058697,586.1277570997263,0.09576185185983421,1,841.3636741214947
59.00478607756418,76.34754281893177,930.9011817426549,0.8003770314825251,2,960.1081111210735
122.23593505964503,85.52178341211999,585.3483840282242,0.4916095893179955,2,725.3017623566012
96.18772302513874,84.88606520463975,655.3206191445047,0.241508452247143,1,653.1890012264188
66.12717790336018,121.67517501636094,165.92138755079628,0.34862642335951877,1,680.2822589846651
100.10447751033635,96.6509263138343,260.32072936756265,0.7292409788431715,2,662.40795969039
65.23121027131684,86.12988988526831,190.85607936830212,0.06635414475660184,2,641.7283380570889
119.6320375077736,135.262271903945,788.3316535202562,0.11648061593320991,0,730.7118236186423
94.61562755740307,107.19506256412026,852.3289728251581,0.6162620349905696,2,877.9002953143081
88.10212260964825,71.38308212779978,267.80976387511987,0.6069717344671073,2,753.4632182419286
80.15120891478765,140.00912781436824,297.34457583078193,0.9724621845353718,0,797.0686331336182
113.02825931188885,84.26502960336407,390.8865605435046,0.3745494812554496,2,740.5907903663165
86.18126105533904,53.89793775373204,631.9698552584518,0.06507762717751586,0,602.5579014662292
58.7649919316101,99.4600223974453,659.6165744200175,0.5375374348496279,1,850.0463556004823
61.80059021205153,62.39380544408778,718.0785626873119,0.6383468117617903,1,923.6572693458546
146.18976645495144,73.84664437157426,914.6734805921163,0.13960278578624907,2,675.4346092393464
140.8580690707607,124.71108726874111,365.53612644688434,0.5528619735351967,2,657.701264388009
119.97071338107496,63.07518133763186,692.8830902860981,0.1977671216582646,1,665.8520496790418
76.58699614595196,130.69442243540357,603.7505611999229,0.8447300578810684,1,844.5764829696839
146.91763773477237,143.69072881309538,375.2535163713104,0.8351614957838297,2,758.4720619903414
127.87509039657947,110.65321004079448,916.6736679343061,0.4296290959984418,2,881.0466806870318
121.68901891589957,121.03591920228293,185.93507076329576,0.966743190512804,2,758.194830804942
94.93615021437887,121.35866099074174,740.8009241488463,0.9797738744497416,2,1002.46062778396
77.2241561845159,149.2807957270445,755.0863417203418,0.1292510889476195,2,1020.4343097671028
59.63909621534993,84.15382622016229,923.7938749209654,0.36771380483246763,2,964.3115644347307
140.26023965438418,66.28565512427025,566.7225331162182,0.6003214700466446,2,595.9215271486468
95.57762898336111,101.91672349143215,389.4601043973213,0.08483780958144438,0,696.496874219179
70.23633647952303,103.32498098317083,844.9666028740185,0.38265550381413704,1,825.7163152584044
80.59566241506525,67.79124882961445,793.7292536491534,0.26117208401659076,0,658.3553267711471
107.9219568941896,111.31094189941395,550.2840529775233,0.9520502209667041,1,815.6566502670503
67.67727829392317,51.41247334768239,791.0716380704299,0.4115858228314705,1,880.8639307643148
135.66142840923754,142.76684024542215,341.0880418695347,0.7626708585475125,0,638.205601394413
125.85195298352102,76.45742778212616,630.5556973631211,0.38670536351217377,2,740.0578102326882
121.94629559509367,53.95602083901918,878.6651093090879,0.13181207041883547,2,615.8151988573434
93.20930397751037,60.8249441474857,386.18605415486127,0.8631515301608474,1,640.2276939861446
112.73088407024431,74.02489482796418,535.1949841876689,0.00041691690310385887,2,545.0884846516184
108.40979689127356,77.39061686060452,955.9403687556005,0.05594087397445002,0,748.5911999737315
114.984660155482,53.28099994977287,818.390657774563,0.36438440589704324,1,611.2454421201776
58.44443211398891,77.93548121937292,898.3351182974974,0.6868982555187365,0,827.1269256746391
91.58074021706096,69.29417364934821,446.7223548014017,0.34170429529077573,0,618.8362618896282
54.16141738618925,87.86209274345185,996.854733671103,0.06631281762097496,0,932.6961359730296
99.39908192445189,88.51677373559693,237.30904421543167,0.3178400337341488,1,574.0830520249829
82.98612123327854,83.90077406028792,566.8935248946781,0.2449808589901623,1,749.8751522227042
64.45241888660469,82.79238835307041,531.3460440666245,0.005419799818197957,2,801.406151564172
60.340296772255165,58.973127774125125,818.5889717201211,0.5348019131804018,1,845.2119147743542
108.7644572177712,52.52049471261622,917.7559952635107,0.11664591474418606,2,703.1025814054999
67.05929685368861,70.21143001564666,758.0254392172537,0.2874962887966661,1,836.7853606198133
142.51201183767972,125.66494274166153,664.1346125172726,0.6411898302224145,0,709.9615458872807
108.1061139700395,149.08097655511222,484.68627176365334,0.7251156888229772,0,799.4357708046521
84.6869804534837,142.8526175057329,559.2933253681608,0.26345562685602253,0,788.3879206821339
109.09154914814167,100.42193555377686,558.3702819023397,0.329193671065234,1,634.5384546461248
52.28038710296975,103.18238557779343,118.3316263159399,0.24690923812746524,1,710.5895121369376
145.85592132414453,81.45815690358425,552.7412243449099,0.9568886003161919,2,690.2018856633348
98.23034369429001,127.39394386376563,870.3737201567124,0.19051972698740283,0,787.0895367962237
128.2735227250286,126.47566879326486,738.3466100280234,0.18318060363367628,0,672.643591101469
58.272999992243854,134.42723575824445,816.1377599125043,0.445035295831532,2,1000.8261169338718
98.66583308381604,139.55045771968844,451.43649079166886,0.18930635920056915,0,729.6879650097729
99.0706994354521,93.43492482252958,576.0759132216622,0.15670845628560814,1,620.0319637947766
143.78264549749827,126.68755681071976,130.13521209739042,0.09587953770108548,0,375.9595605334459
107.17280523760755,130.63987287958787,444.6981479524092,0.6401712481082494,1,733.2460154119877
97.34894010569539,80.84596224977501,526.9744404033796,0.612082254901896,2,840.7288489267169
76.69756630918936,142.924224400615,329.6880096391735,0.6501628918779663,0,811.6440660018426
83.15689973425522,59.43415026396555,128.11688109158484,0.7733000080093962,1,504.6840903203209
102.06724024715378,149.42691791632828,721.3672979010569,0.3263580127925758,1,923.0092218696097
93.89114603050467,127.00907181588694,491.5789757639589,0.9184237336119215,2,943.6229645923352
52.16120798803304,59.32709053243272,474.1103738010108,0.733204611068756,2,771.6085108457687
132.62919241943578,115.62296481050006,324.988078625658,0.8047085885811869,0,460.7863002292112
139.61607718397667,53.41794109282601,584.0473590982153,0.7209621638267112,1,584.4330552333637
64.02490889986107,127.01869494441829,494.22410314365834,0.3584556454325618,2,940.6857126674793
105.40361435390494,129.92229216590553,526.5860257261818,0.2830324880626349,0,768.1831960755575
60.85757411354436,110.24102530914476,622.7842135927438,0.42251706957901414,2,871.4250701614791
117.22400930398116,135.68603919165704,105.69218251576183,0.09703036053335845,0,587.4097096626977
78.12337838390083,59.78832802148597,916.9263131845803,0.4512805015659471,1,725.9917944906042
115.94226346919018,77.59238420408133,163.97865725057312,0.04314098309523984,2,493.97755021203596
122.69946142868827,91.41775215926705,505.83227258439507,0.003945960027194495,1,564.4575774619743
126.8647491917657,54.24579528280983,286.6355877154433,0.9314989394746928,2,650.1997382132269
60.77409459558966,94.82160875711662,571.4041324328878,0.6893368605878929,1,916.3706521928826
141.60118451376078,76.52134561125659,352.20709791742405,0.5618469470659689,0,522.1407615065443
73.02139908948809,89.2735012101753,874.0058482563435,0.34110203942305783,2,857.4455936377877
53.74125561761798,92.51026319923065,456.7238505661782,0.5705380146850741,1,853.6141957648875
105.48524693914834,137.94117334876853,674.8800001915936,0.8915757763383317,0,853.2301863372447
87.09222838624387,77.03409705276391,323.9917553330911,0.6523801339438646,0,529.0518149052315
132.9789743132413,139.3743128716272,117.46553544461575,0.6024819979535042,1,478.4864131057774
130.8251472064302,92.59709648128492,463.73908205194846,0.46020450297167803,1,659.0445892260594
81.71388928227154,82.78077206939861,582.8378406024611,0.345697030650858,2,781.1925893592406
145.2899395069745,100.2512049335146,513.5924361355753,0.6985471139217118,0,516.5512218082031
79.09178381401186,91.77432863628397,965.812927436974,0.9809809410158142,1,962.8079730996817
101.50571292317144,75.73723130551461,736.1552564614256,0.4247576935205901,2,809.3900510816276
75.59650905676028,100.26793247960669,996.1028205628558,0.3922052040142008,2,983.0490611667176
143.60435700489631,65.18017330788312,365.55408128257477,0.4281134723650425,2,460.0316569183508
66.46078175820182,85.19299430229661,810.1479516464319,0.4255439680497215,0,916.0903397690524
54.4910619392329,106.57902193740907,600.0026207919525,0.9906247733684951,0,934.7013731700514
93.5097060003038,91.34082443898586,650.5843190036495,0.7067782575093406,1,776.38824895814
149.2375564055837,132.39123610507966,987.2678803980949,0.35918444921059167,1,789.101493224674
139.1677266254914,75.67217615351663,688.5884797760052,0.3715023738267226,0,591.8512230290687
124.86080194569492,146.977157883101,908.9352031032261,0.43079692474405573,0,765.7487615937437
139.07924908785247,128.47220208513514,753.1752112473223,0.036712187580449696,0,667.7024493066773
139.34466396978632,146.75930259974723,214.64750955227504,0.52781640202125,1,537.7330594978872
101.8858360386449,133.8136554830304,729.4813392900813,0.8113809515227647,2,935.3074618648443
81.5929051830793,64.21039258516427,535.8840298169338,0.6605677932075106,0,619.9954143235826
127.2012432110988,102.64600906350137,926.9181936841082,0.1984208467615416,0,659.0873785710427
116.16612631677611,66.99785211957857,826.1510024714097,0.7280342413783699,0,788.9839085346093
87.36577288737101,131.82273526272573,193.7212188465027,0.7194586063320303,2,775.9652453248261
59.446666806151526,108.41621491832959,220.5240792882026,0.26253921564899707,2,765.5909777364235
124.6789611349026,76.34493143569057,162.64990161874502,0.6228746568569351,1,406.8269050823134
76.24605159228646,142.95989720071714,543.9203872701557,0.6109490331219362,0,800.5486175737091
143.68131505337794,61.518605331426066,172.69458328661773,0.8397876238561816,0,435.8084269113975
74.09705750056847,106.3862403471314,751.3105029172247,0.13607231183344126,2,895.2467556118321
62.275793241148605,122.10405546667255,597.1227233053894,0.19483850451152274,1,738.7698993677228
133.11126721249062,55.884853733243176,852.2965157978282,0.48596950376780523,0,634.7915855028418
65.3284316624494,109.78560332062037,351.8162098041846,0.04414514889230703,2,781.0540382970191
67.92683081577391,131.59012154630943,567.2267057450267,0.41559419760170657,1,929.6338923768213
109.93827915208435,56.75273144180534,205.73171731948992,0.7882190419997233,1,511.14004886990995
137.45620408374646,101.22429711066272,896.1490023852524,0.14871439398399822,1,607.9576666959614
69.64346657145732,75.855717814874,257.5044660608545,0.4599487369365248,0,557.9134996015541
81.03236729000947,116.29244515369209,192.1260262153645,0.9897692333824446,2,737.9086482894652
127.74048382411776,61.86773670788449,284.54553867086497,0.5059200134248644,2,589.1475005486828
147.18264260609675,143.7051430670507,825.6083398506833,0.49832382412209053,0,603.6375994280734
100.07411862023423,139.47285817147318,195.23307491621452,0.5587935837241681,2,713.8348314220102
64.38975025512508,68.59744198757092,652.9847453543493,0.1860043703327412,0,784.6559789326288
51.39362877082016,82.32658843651046,771.5631705536131,0.14716388268594427,1,857.771186016428
72.96560299988553,108.76349746530431,775.973044434584,0.6773546291151085,2,1011.0492497925726
63.18222177865211,121.80623366342505,271.05479794731804,0.3957668099057702,0,621.5669459402342
117.76586736128574,94.26560151602581,155.4615985398508,0.28990662821547575,2,484.3642935401208
62.18325046285311,65.6291321960975,503.92574539499583,0.031391619919897584,0,714.6774399667407
100.6329931620633,60.41514938028716,282.2368107200915,0.8460504971784825,2,662.5344976806712
119.42624356428865,149.97653369143438,729.3437281125442,0.032328865844832744,1,785.705638585088
108.11166092209024,95.53521214434872,421.0235196898789,0.7499831240833194,0,583.1327949307082
69.97756516600576,137.2531749148498,504.4185469298189,0.381988558998581,2,899.5360068844932
130.41245261822627,98.23760046291144,202.13643979154062,0.5986878105046501,0,436.0899620582673
121.54071296158017,142.23576385460032,610.7952578933725,0.24767800069016233,2,855.0158153251125
123.89840039155418,58.77593827715506,266.97177066871654,0.15539966623207313,2,644.5303030953017
63.10577515573132,61.401919133455095,711.0870948234434,0.5333880008349474,0,789.8431125225562
62.37538036503446,142.9632187724224,164.05194029310434,0.6956176949541436,1,760.5403261017807
142.75625510065078,144.7493045044785,978.3051330531911,0.19549329494514656,1,692.8411857937358
89.75781938249406,81.47174474653633,716.0742807272305,0.4363589474325642,1,691.0204583068517
80.09486917809397,85.51648869938718,263.55661103073356,0.44465497029139567,1,727.039008560743
98.85840453515334,95.24502348347579,112.68518091567022,0.2159791490794628,0,438.19274997883946
116.28642127635824,91.61616800672908,401.0166029846969,0.565049446252131,1,613.8130497317908
145.562325704697,69.00452159595966,237.53193764698668,0.14593568678170066,0,393.71708393019316
78.6446226882055,139.83753839393745,296.5701998075914,0.50974917331858,2,894.1799730875498
142.48084293120272,75.33076007056437,885.4752325941005,0.1134315113659995,2,692.9420275126722
52.48594913862563,120.52724094776515,642.8841940457645,0.48554240885513744,0,848.7753743547456
105.51980423268247,56.71556777349729,258.81188772600956,0.31159905487555684,2,569.8456101252933
113.39751116810851,53.87513315284295,600.9934606187039,0.452246292081535,2,646.7168371892158
60.58974037507533,115.37304725769206,330.2025880824939,0.43374935944317417,0,695.1270029235633
64.03395970639126,83.90158575732605,978.5807779222803,0.9079331228185928,2,1062.9872079849315
91.91143193163037,115.54593927200013,129.48150723732573,0.48993559995646274,2,691.5794862800881
146.62319121431818,59.402120216883034,759.0865799510335,0.8184989038768744,0,710.8462751306098
109.60425532343729,144.98513799158633,795.6973235722845,0.22565239291171524,1,864.477401307739
143.3023221600211,124.85144668930954,160.44648756193024,0.35208279463425884,2,622.4402820481824
130.43609156129708,137.62672330257993,254.6824278082164,0.07508938063319093,1,516.2231896141034
96.73816015552916,63.647055404451095,445.8759931935618,0.4207477948214936,0,605.5234968370285
128.47634492521874,82.01609688928693,881.339343876161,0.668699887074931,1,729.0018015632647
51.78367839769877,86.83441642063441,583.2999445766494,0.8381670341093962,1,901.3504414226777
60.914399676573495,103.71726483268185,689.7761650065614,0.5659149117991552,2,978.1622545813308
132.94286148827365,79.68684855074143,804.7115519111584,0.6400726695930785,1,722.030379390799
129.68170883251616,56.063074218940514,845.310509503768,0.17726707761694815,1,764.2062752268947
73.26407419664338,86.88783807374708,528.656088775313,0.037206038233439376,2,834.1312671559313
103.07695905990535,75.45493146272821,557.9138248961332,0.791688145177316,1,777.2611617595269
110.60158207000109,88.59212914632148,746.2052713790015,0.1670382074412864,2,802.3926167824816
136.77389537760112,69.69595426200263,337.0081228620637,0.09116953553275242,2,600.5792073797568
110.31071573387257,76.18963745647355,869.0407627289719,0.9375623209065953,2,806.1878386774417
91.25715692736803,112.69523404322688,118.70814202825741,0.9635213640591765,0,700.3930982559084
87.41840434071827,88.8153834578065,276.1944419887522,0.6162572916024947,2,662.3783934606423
92.58820863735099,84.5383393169492,820.1799487328528,0.3786372726872934,2,824.9809880027683
115.19310255799742,103.39056327223729,406.23239070340503,0.833239540964052,0,668.3599613599949
136.7490631752325,127.18605408439258,234.84954942307536,0.20471995933541243,1,605.4869851076874
95.38968820762997,87.88679563479573,268.079280140263,0.4293923274296819,1,557.3980073801131
74.78395629513581,108.75194925558407,577.6807617424627,0.35701729900060175,1,778.1967165282595
73.66623629975811,146.62026253681762,861.563376410489,0.9126999907416816,2,1095.698666074615
124.60142802434464,102.19801141180507,163.58564419399954,0.9197774153622736,2,630.7628155569744
131.65687634239106,140.97975765175443,127.43281821218446,0.6508859263236664,0,590.0307735120442
60.527807985412494,129.3672624256427,518.6513222531588,0.11074014027269186,1,998.1547128231803
56.65588569551782,55.87186816501497,960.5686735482712,0.4821927896583025,2,973.9578543854175
109.44336637564518,92.90988714692568,351.1088230727138,0.24532836622405674,1,559.1970510395741
64.61732441926983,119.8318407868588,963.2534851603434,0.8849156631844819,2,1032.6571852244795
132.46641904563413,148.67119124482,898.9130589310012,0.1384027990162019,1,801.4073074551051
81.03346739240745,95.83762911615125,354.82156874876,0.05431027586070736,2,653.616351791965
64.38719329711427,59.27854541267394,835.2532578305321,0.7044290335500782,2,945.9810123654942
142.097047248745,106.20091747128677,717.2805723119369,0.4532860749681529,0,663.9626444210213
66.55317227352782,62.65637921239603,560.6401500142815,0.8383648876030845,2,820.0679806896142
78.47200823379356,125.15195602793933,480.62452873858723,0.07462963116931176,0,805.515391753819
65.36133951920587,100.76769974617778,833.952480332911,0.8010761326078425,2,969.2186488125704
61.549006366535494,122.34313683772865,813.7714894255191,0.037334752844158325,2,949.6737686368948
52.11480163364401,136.93618268785235,781.2427023483033,0.02807001191395697,0,924.9596053000961
55.53954091642601,112.89480171627771,998.4303560937662,0.4613157517310297,0,1013.7730503272679
67.46414709358527,111.24393292531815,530.6612148472454,0.22129128968065181,1,857.7439175669836
55.33819326271754,125.45702954396313,826.2306800379242,0.5937187070065306,0,969.3289768260588
109.11438161109712,134.24550014526673,876.2305302851306,0.025816994211470434,1,881.1803061783093
118.07145267995064,136.90537862770026,290.4423233083155,0.03538954236297853,0,523.8971994700548
89.36304568320283,53.64301956828833,137.8597978477549,0.7271484961719404,0,554.5626678197781
81.79910969520495,105.61902967977893,464.2735619697217,0.21016516249231165,1,768.5685028818897
100.45262370222301,71.62693097975514,871.0630159930984,0.6564171236607336,2,937.083360682551
137.50049422346086,136.03458907817833,360.1929530750592,0.7499221615007585,0,533.7474181270036
135.1131626822206,114.83976852033612,730.0091386606816,0.05933116572496744,0,586.1924592692347
54.347506201279195,92.02224790324382,106.61332515783641,0.7697539544642392,0,700.6134675319574
68.14984095965241,68.81042281213513,419.82798908821394,0.26842121796128604,0,500.0662770048715
73.6744871104396,83.90236259198265,653.9650252823361,0.38954595819974824,0,767.0716174116747
74.93875758322119,120.37776945402246,216.78147106510318,0.08663919229531669,0,668.5935302539799
107.12326517427726,70.43595452116388,906.9462209326905,0.8386299833648527,1,798.2245681551037
91.62624257031922,59.358294533837274,240.6465794053713,0.560728786325764,0,507.7835808804851
54.9254119927594,138.80287582275508,918.8141905035952,0.5046652778471722,2,1040.9695791549846
87.36141384595716,126.42103495801167,294.7503778146772,0.9685548109027556,1,752.4661818664256
102.37529487176371,69.97949306581326,994.8508065242568,0.3345057599406708,2,833.734898717337
60.16719029037159,79.23115434299916,644.2738419660318,0.890779286476696,1,840.445397433508
133.34585537885596,147.2070177130886,175.91040499448013,0.7196878810646042,1,592.6552720230153
55.19618664651043,120.81844867591174,158.74951103079388,0.9285281358522389,1,782.9182069189919
142.4841869018062,111.05220042138248,167.4295266335219,0.9078020527624597,2,597.0648583743947
59.91131415798755,80.76284854241304,630.9034725618567,0.9910298050260696,0,929.0412289742056
134.35749515977528,79.91251441665223,828.6212820946467,0.13167675203715756,2,694.0581898722706
140.2653143927617,53.95236186902304,462.66646759345514,0.796016392091595,0,521.1137069006309
147.95706805865927,122.84818669019315,500.3521833536756,0.8044943549475032,0,594.0525043393712
130.20258802735935,54.31752250568845,630.3589332981652,0.6443735281784868,2,640.7357316855441
127.94775407713288,50.4857337777279,579.7365443077201,0.278860958238202,2,522.1575142167331
114.24832759955477,122.94950878609792,719.2555597911431,0.9651482716283151,0,724.6772229478325
127.8996354578129,144.88737571491254,524.6071481467238,0.20442213789020958,1,638.8414320578388
63.455220841314706,125.65030477273105,742.4746165576607,0.499575378358439,1,946.5324994238266
103.60680359476373,97.16401906243786,997.5796682919707,0.5214871128191862,0,881.4182455302002
101.42228701904145,98.6045249560873,415.26805802388844,0.16182934483603884,1,549.3625427172633
135.75721441225573,93.61364226491054,110.99391662381572,0.7225288223332409,2,527.2090094770832
96.27993655935158,82.46436671103336,213.0625409964893,0.08886716418023977,1,474.62743226436373
88.50894961003534,102.17142141858402,598.1627664882585,0.693097778846711,1,791.9510315541811
113.95632712371102,93.1150957141115,409.8320084301868,0.8486154962906369,2,781.7798916669225
76.64633175008461,109.81678800407747,945.9843343344933,0.34939642508239954,0,856.7323569786898
63.976841095395685,139.81200805010945,664.7014810966447,0.7094208085992002,1,957.1196785574527
97.78772740237457,149.50094173238102,568.3196673689212,0.1567740081478498,0,815.1185609888294
91.6889368594885,57.87432898829171,818.2355511448169,0.8459490014528787,2,885.7428196306306
73.25699405288736,88.46834726613415,332.7308839441856,0.9520316985532247,0,668.7955603628349
86.7511810115128,68.07061957668094,837.7646862541237,0.1526936934997769,2,825.1358104099465
86.63924498262475,85.21204739255337,102.75499437768364,0.6918594739723322,1,564.3935071887888
82.74955644125455,78.7473018548423,657.7096259221458,0.5058310965565258,0,746.7934535319139
87.9464079726929,67.45371316267884,941.281435941201,0.5314993318323786,2,920.5460938640334
118.57433454559454,126.40760534212905,809.0739568304831,0.7064897186006882,0,730.6945193496749
79.68764745712853,99.62887428292359,868.2707729326235,0.48874049933643726,0,851.4139563825205
144.88579267153403,141.92455822172258,457.2592256543505,0.6003263920177168,1,669.4509562416182
141.63480195381777,53.25924432470145,841.8150514901137,0.2309010194113772,2,691.3568951094287
98.09104283000786,56.697801313198994,595.7484985272399,0.3785065964886303,1,702.3285539028649
82.83612050046888,90.32735829303441,656.686212852879,0.865240350071502,1,863.0404403896077
103.54347898300031,58.02773204040371,153.02380540222316,0.1099025116483856,1,447.1781858348227
134.85604887736247,76.27295964148335,281.3965274569529,0.5975752609336399,0,517.0155221264342
115.2587340560102,148.60297430766235,595.8679739621973,0.18428706223489022,0,666.35361815321
130.43918279470773,70.8959607484614,152.92095204114787,0.846539597923372,0,390.5957576571926
103.27222760657402,69.81177414120907,767.3021259289419,0.5790439538535498,0,545.757308747257
113.29176292676208,107.36406687957091,856.0513076697114,0.4030487826702711,2,854.5026770842961
78.81556141824618,99.79982907931567,928.3261251653244,0.24982467365181793,1,846.4165714685627
123.48931623102908,108.04382972028448,191.59161326182533,0.4368446991896344,1,575.1217552671019
70.24045931257183,87.67352782085467,945.7482232205201,0.9576123259217423,2,929.5751893316817
119.47981288184982,132.6762359894947,160.85800686636549,0.5092092897436206,2,625.1641822039533
136.0719068325894,63.858055144246286,526.6505943350338,0.4694895316998602,2,638.9446792926391
63.210283730154394,92.83926458414656,856.2259185650306,0.7462738135003091,1,896.8250887264267
111.43797405419198,118.9761848444087,163.28002470800982,0.3790470708319067,2,658.658692162731
59.50957482299346,136.82364402828998,116.40796569008526,0.427423949880794,2,761.6911544172614
122.57156282714269,86.95716063567576,122.45294683598561,0.33694773157161906,0,431.745825768549
58.449321882352024,106.77455990937528,560.1432154924303,0.1509197553293914,0,789.9892995137158
143.5939822700626,56.91399450072615,830.4370701369967,0.7138092142026506,1,717.410165834183
63.74079300378021,67.03190881118289,214.68400396533968,0.8730309138836237,2,745.8331849706128
145.88802459090803,56.91381624661145,212.14922867158657,0.9055926492427656,2,479.9476409668805
130.08841760850967,122.7880891998522,611.6921695448125,0.8808029380377796,2,792.6841853246951
109.36820044663541,78.80599687221407,310.86604073073136,0.4517838024379929,2,663.2952319560599
128.26241046295468,122.37452901918377,757.1923616303865,0.2840661922031963,0,647.6607165380326
129.5114838983086,56.639827904327454,954.6718493590748,0.6379237496008234,1,729.9556478777827
144.60270628173305,136.25478004083254,789.4300659403717,0.9547049119060317,0,755.3227459589461
75.33833538391872,133.55301981110915,889.4578297410249,0.727050648168605,1,995.4378262238426
109.00758953583092,58.892874305028265,567.6274518145033,0.49484856159015655,0,541.0755089728997
59.504919756440124,52.37565064571865,849.08737379578,0.6888085745134482,0,732.7542639307244
111.61657000241213,55.62888129819912,264.61286558801413,0.772537912454397,2,632.4467445790428
67.12913040927887,135.3630173146734,161.51310135606465,0.9192692613280707,2,890.8790731516385
106.49506114724419,73.47034890518958,690.3577991122173,0.7632157539721541,2,709.6113474522575
107.24305140338497,104.82733178581887,146.75725338225033,0.4331905556359056,1,592.3757821124186
96.59851529812273,92.62442031800568,903.2332772257124,0.2736065184654841,0,828.3512433142197
102.26317755131228,129.55255262286022,722.3987323966767,0.4998816647295913,1,870.1575592873717
126.3923390006588,98.88983014706706,956.9806528680208,0.3281779446054718,2,815.5119196857344
129.92447165120666,100.06608406612696,382.4979906819121,0.942764592687814,1,605.1390015646808
99.21532155754292,148.90919394999025,537.5424782814588,0.5079658434499622,0,773.1429177961306
109.95934415226122,65.0129556749257,767.5213285406071,0.4720563359640083,1,729.7934380814507
143.1236235690102,133.07039387459315,318.5010869147385,0.3481962181548629,2,639.7669522082792
61.97335885011228,55.17497456038848,587.6639381005002,0.6394069902916003,0,717.7860427477074
61.71035659001105,97.76487695729708,693.5205475049303,0.5200512786209478,2,872.7066459032086
58.770901191076845,138.63348239330236,980.9277890023371,0.12904892289825654,2,1082.5580267943035
115.78632850405278,116.52139656041213,770.2329648181463,0.8692078108304946,2,917.7018922552968
91.86083007903795,118.52146193661329,206.31776525116658,0.3590128321437984,1,659.0204202565569
127.43214161418433,76.33172822564856,527.8001062449792,0.4325784299581542,0,561.0058878049907
117.12314133085926,91.85747913614543,629.8937046906149,0.2056670566635791,0,701.6409269465637
83.36377583282382,86.65810634990505,231.96082857791745,0.5533982076178892,1,613.9502875355176
139.83665473615358,102.14432101579942,488.7694512829705,0.702055062428583,1,703.6558113013574
126.25321470706523,96.22279301436681,355.6052347022407,0.8811653206259396,0,551.0684378180023
77.05349409101757,82.68983518769893,206.94478803582336,0.05160766497226266,2,690.2790923673452
86.4192017772054,80.54806123711701,560.837740117109,0.9733319096993783,2,903.6999214927379
81.44399802042629,75.08528916551222,249.06977291111087,0.7038177420203567,1,638.5235148380938
65.76116486249997,86.50472468847585,631.483667727151,0.2842986844115174,2,929.4888708199331
64.77833725421917,64.99414779340606,252.7272390176789,0.20447475501396606,1,641.4869214877509
143.6127463375744,137.2104302003574,751.235431242539,0.29608791865459794,1,692.5462376331193
93.79040371987533,110.21193918334274,275.7174607267034,0.8757257516664424,1,696.7858529651874
88.33198227774099,63.37864255938555,906.6565906985346,0.2913901731959504,1,852.1863437458753
122.9685708677378,119.38593342090013,123.58842089392796,0.4628211345572357,2,652.4209715418513
105.29930652528999,134.76664679979731,569.7976483411624,0.7057380542422326,0,710.5474212859202
143.6139986838462,73.75356720522589,388.0942892978922,0.8719898637238855,2,607.2303435513948
128.03014939093921,65.0600594337264,302.5688731971317,0.6585711623461041,2,592.1365277427137
97.93695641245404,50.86172571337521,524.4425012486332,0.7531091965344227,2,695.2564648203122
87.63594734808262,54.725033885648514,857.8175826918347,0.1733267962959556,0,818.3405482903535
148.6631544924322,126.22513483035117,923.7494849739838,0.8774078276911388,0,795.8318026976489
121.77602360036434,148.71863320416938,372.9237563330612,0.27571918361811065,1,673.7724879721862
145.1194660003841,54.48803224762766,238.81925988556412,0.1283781640565157,2,493.8144659044034
61.84785772170414,124.80709590798926,748.1264028096765,0.9762442903406693,2,1030.7660074124458
135.05336791907825,57.186216584096,623.7988529103894,0.20163992545416098,2,658.1995401576789
113.70738839912076,109.21328249036668,280.9145338098039,0.13665197007797647,0,443.6471409484975
62.192167833511256,125.60752824282379,784.2662092786929,0.6260209001017866,1,947.5461102007835
108.82579999692206,85.92043972677376,567.037391717927,0.3188631494960953,2,771.7724774755557
118.60963651054487,51.093472111066376,688.0556795566667,0.1333492051804933,1,680.7754370195333
51.230268588860284,109.51893521254259,423.40513056704987,0.601121117215876,2,850.7199560244989
95.43179618417466,149.12446281400278,495.1878051721384,0.7589852272222355,0,749.7474198707525
132.53995111963212,75.76174228384957,262.307888537448,0.7931983742071566,1,570.3851457233375
79.53590253440899,68.94912771872158,780.8642808808069,0.15551260101227238,1,736.0809892415459
95.85480817985511,62.3925892753515,241.31019173661267,0.5568670679399422,2,610.5233596188326
94.23141270678931,105.52556199000561,800.4723352759552,0.8136783706814606,0,875.9944528802542
80.19273914424916,109.64450993602733,818.2070693961274,0.16108701142418524,0,775.3760766030725
141.84418955155542,129.22708371704022,771.9408676496095,0.2076822517706749,0,574.8281631248439
128.12940354315157,125.30732736205097,117.48050925286638,0.00241139743167762,0,381.58300454382334
61.05884109961105,139.25414947950873,345.8198913460062,0.5246341563952881,2,882.5012063386389
149.7034657837573,130.57726983423015,521.5039685126324,0.19468169686195091,2,573.4974564214322
137.92000243077453,74.72670830794445,635.9899408451162,0.7242425757268991,0,584.3556363955162
78.39084378640389,105.58774048757611,927.2998894321452,0.9622138556176058,2,964.4966215747913
133.68965796609382,79.741195909358,438.04537491583204,0.20875548899907026,1,619.6734979653194
60.641953187138284,82.97853795515024,887.5209868965587,0.6490970117635326,2,1094.5376019151279
149.91047304742386,143.1944369229996,247.0863593231529,0.21183446145851137,0,441.96430986386105
116.56847361065368,118.18959050670735,434.1524387577643,0.018006858979704,2,688.2721895301169
115.0125015558797,147.4590413251106,147.05380973919068,0.7585541942145848,1,622.3701706101242
59.044072698413274,91.69125367187445,768.24036195006,0.4340046766508928,2,922.9329826412433
139.70333988966252,103.74375733539766,235.58748168962165,0.9467868615146531,1,673.7239218504758
52.89995032044694,98.71154199164218,331.318014083612,0.5342858821434056,2,802.1720831839873
74.08280580411471,60.72870575237269,797.7099269738933,0.15748286897568398,1,757.8992014500731
64.30218751666351,73.67019945266034,581.245045680439,0.4497744417972779,2,782.1331258655721
127.67679406922186,102.76363606044822,112.5754474766163,0.2028917948060165,1,536.840450612533
69.82042272128979,56.73743051330062,102.01168427265742,0.8780292726865745,0,405.4805852123344
141.06382271308854,143.14619293088893,559.5945685659074,0.6909031808875248,2,761.6302051208683
115.62690393274902,62.384368194337085,374.45996237427534,0.3412388046547036,2,592.939941600722
53.616271049469624,69.7980746416907,262.2803013956594,0.5278203228071404,1,663.6785344641611
50.54298341287004,126.53212239386366,652.2345439444998,0.6694801882130285,0,953.1973501294761
55.16579170143989,59.693454178931376,305.5928245456844,0.7828577166454253,2,830.535517055441
110.59251776477277,140.02780996154092,632.9864347164531,0.08014720987054169,2,736.1297052100896
130.14818108594153,122.57009707225356,441.3393555276456,0.022518841995246786,2,757.1010901778482
73.85528206273885,56.86208571088589,268.0715959028107,0.11445269716988982,2,554.1099901314423
134.9408842923073,119.18470612856528,224.2942640818738,0.394996310172563,1,617.5143440338047
55.72319401532604,113.16285421713178,313.17454281455923,0.466706610082092,0,737.4924206742536
130.09638536416762,125.73494327399186,126.84889721168658,0.13646163021384838,0,436.66938927682764
142.77954301722804,132.81978524893358,377.3142658326416,0.4111531378996053,0,543.0567790105957
127.21083991043805,121.8350563173155,911.7592211636148,0.4416227863618305,0,771.710823832742
119.81207839786371,108.6176295270972,848.2259132947254,0.10908996367748669,2,816.372295541757
133.79802186553832,82.24633185817777,434.803381047693,0.916659960195734,2,629.7210037024786
54.015129954706644,119.72736618299291,618.2502567236235,0.5991459275877076,0,857.0595375224942
70.17821107190554,145.69715846307793,610.6245031126526,0.3885355304562821,1,858.6185561515789
62.492367930564306,108.75217805288743,845.863785274341,0.5069071834722066,0,835.6517111777772
100.45309901929866,116.43448684342539,312.66109136526904,0.31419748646880674,1,614.7188240011253
124.51881283288445,93.71280421998007,366.7487399137111,0.854331031644593,2,630.7690666461311
113.00118445763987,125.61208097430743,371.6068903710504,0.5750150415685037,2,721.6552555902159
135.1131099761935,149.76673923386358,136.7829907945069,0.49489581439354347,2,660.6826454591941
65.52129924410909,66.03893240677361,383.21907696027296,0.9108854030955976,0,704.5352732383852
123.46210919351616,70.24052795037623,890.1223989292063,0.8379796982340677,2,928.5953195732297
69.3041490868904,103.94377586643895,920.7888828143329,0.8128018914258494,2,923.1281091124865
77.07587513178002,98.13753972616583,198.67181119169533,0.22560920423184416,1,654.0331704132725
120.99046972813039,107.15697845067189,512.2526874565883,0.15312311146835678,0,588.3906128031098
148.0204784898682,54.907404772427306,443.2140114288752,0.6900965197127477,0,507.50213584993304
111.15436059770695,90.4276456330449,540.4232769610492,0.4686422563413959,2,766.0923385580686
55.45003149912956,108.29782620655608,599.2475716528095,0.6837127129568435,0,839.8435965505228
111.63089699275328,108.51913513049627,118.23288401597146,0.7606272321111164,0,557.5465422547719
54.235055158016706,115.73339617683736,858.0180231290446,0.2953135073447509,1,921.272943553877
138.41457113668173,122.02160290026637,976.2976658560046,0.2846504331228087,0,780.1486913708366
120.95782851006207,114.15472033408565,688.064330803278,0.4908315662581837,2,708.8624264521934
67.31278464225032,129.02431553894348,694.4070146440323,0.27354931352649736,2,978.6715010455292
59.17210058241981,112.47606346845916,575.1818720476376,0.6672952760161995,0,834.7570789139885
68.3533228880319,103.75076625372046,400.84607054294355,0.7467304458807168,0,721.418748340779
148.00271795541926,110.61964288878109,234.080041761569,0.47203894605324437,0,456.05459048186003
95.85606424584898,60.11933667533324,625.6570084264456,0.7237997655986432,2,766.4507584926515
128.4080948341408,77.315654072552,140.44726315828635,0.5104375690707762,1,543.42217866316
113.64083421077768,102.73997806581312,842.0523109226865,0.7128717219670092,1,992.7674736129263
107.24131499586373,137.2987215401707,478.82052952355394,0.22496824779572533,0,734.611327558898
64.51302546650497,117.9051556287993,473.27880174577734,0.738843045933042,0,776.9891732940755
144.6024453558095,59.040807847189754,394.45377262831516,0.7151240234570178,1,550.1301351844342
80.1342632514718,109.22749504444045,972.4184998287278,0.26660570704917763,0,902.2794510401435
107.80172158075422,72.1737987637099,257.42525749364694,0.555970991040175,1,520.9658567480287
119.97759445890661,123.4016559788723,236.17703932769004,0.8553116678744016,2,644.4383936632893
114.92331552453089,132.74408525087472,248.97835139052714,0.24952264697243898,0,565.5521588177851
144.05944096955184,109.34562725899733,692.6747345656876,0.7359797840146763,1,757.8126379571393
64.8438989920058,109.13626097517097,992.7057868566385,0.9539667171468871,2,1015.6681403526718
100.8352738446942,83.8591443210814,311.92765336157925,0.8662419197575649,2,675.9370908309512
90.4034390740766,94.62500211613094,915.055657360739,0.40152008268027617,0,841.4008815712563
97.41687294826181,136.41083538153453,350.7549032873552,0.6072077329881385,0,699.7126460887876
61.921752619774466,122.33203309671565,683.1099281127701,0.9917701342527039,2,1094.307850004396
63.40946098727653,101.97536596958432,136.44905674003095,0.5684374113757185,2,670.4332927973402
77.80755457812575,86.8232386248371,546.0885771185701,0.11502760243036658,0,784.3055040350088
80.47046037608314,55.037973828855435,689.1129696510836,0.04543075477876091,1,617.6338097245834
92.790321368135,64.30074013263851,582.6877995003657,0.7903145097440284,1,631.0858138714102
111.09875470366282,69.30251895393707,314.051846393612,0.42362832540184614,2,604.80555366905
113.4629117418263,87.33835432586747,845.647253441124,0.24681289062919443,2,742.4228975995919
91.18108965855703,144.41436470762744,973.1228601144163,0.347672030660947,1,962.3689938444521
90.87831094286972,100.51533948587488,513.2764861228588,0.7573728665464523,2,820.577003898242
71.7628526696962,73.48401632592311,672.3273386703283,0.46524733563382914,0,734.219635917724
108.83062484090082,60.575013746151406,811.3719415110153,0.8684994925258765,0,683.0380296629421
81.70409113172379,83.8305524602964,317.3401545596146,0.7349255887776993,2,767.5276989773977
53.60598342773637,131.5730635551057,878.0053437359069,0.974014150445425,0,1011.1332684525091
91.84000441568604,88.3342793410508,352.1808147789978,0.8885037667898433,2,814.4686724998451
97.41326750901703,127.25058060224134,798.2477231637149,0.25454721178600914,0,786.4316322066978
72.55928682042111,130.2704976126879,200.88930918377986,0.6590592328025533,1,704.2546736590854
107.24579331221156,61.082076969870414,359.54803307275273,0.020543034528143878,0,385.7547033919093
106.5771900431921,110.86597526267838,580.257940545881,0.9911067244295982,2,846.5333949150324
120.20021811103715,145.9096063371111,572.4298861338837,0.26100610880259656,1,680.3477107642468
114.794848220121,90.21380749035539,865.3880660377296,0.664795093623584,0,690.5608745801338
115.24330565210316,55.09440890030223,996.5145318747465,0.8491536211995653,1,838.1130580477445
81.62141518240432,142.33026902578786,196.48976127412658,0.16046466272797144,0,551.2846192055385
128.7432221985954,138.3666281572483,344.2493195425333,0.8478793428104792,2,820.0443270803482
104.91443835996795,102.21414472090018,421.83838920076823,0.012245665790822424,0,578.798099932645
93.141819517989,105.22531203440096,531.0265670290046,0.4419771380854074,1,743.2554363461016
112.60124809410571,71.1741102776125,544.5187688389592,0.47203762253113846,1,592.0980650342813
86.06573344502543,131.94507555446373,870.575556833575,0.3740907132587359,0,910.1477476854176
101.27392446067583,99.86000383921264,793.5033725065898,0.5863847463004997,0,774.5102990123897
123.67056884822203,53.38777951425565,116.96642113415798,0.914842348702632,1,453.3360781093362
138.6402886723708,118.30149564489977,509.5195845248691,0.3269891143002891,1,643.903753612211
142.10571972951917,145.0496269802706,656.2664544196799,0.5792598871664242,0,620.8902019755791
100.36329251830992,132.91504903457502,514.3560283837211,0.8774625257433228,0,691.8926134125045
102.02751147405691,77.71981402105398,217.58073042313208,0.7729953951013782,2,597.7302853479625
129.98704107638366,55.33250849333407,457.72667532158334,0.040733264805495994,2,557.1996041167416
81.44506917442013,144.03514125381804,470.4901256167625,0.9427907641276623,1,883.2941008917019
133.73823623450687,143.70627248797012,268.9443302047829,0.04664690425861273,2,676.5028072525743
99.41416465174234,103.24153197128695,780.6764030238581,0.5887584743743296,0,735.1876112938018
61.58567243352684,114.23174116715352,389.2606121282291,0.5753536203151648,2,885.6699937238263
57.20591470729437,96.26000607108082,630.0885615117546,0.7863902307023161,2,939.4575207533376
134.19932110394632,91.97653670987586,564.1571628628908,0.14844305184897766,0,498.1753768047534
55.55679169068779,61.944843592870036,889.6843712947499,0.17937039206270378,1,874.7880997767794
78.06114361336559,59.6752898361096,209.81343867655437,0.7521069327383605,2,672.6496052247189
83.41300405015458,73.27321466761875,202.83670742811412,0.14950475241162509,1,530.8367344582923
67.29944451915938,133.66407464065443,370.2877022107142,0.46944512706563957,0,760.3807884341109
81.38933698019892,64.583230073568,488.09347131325154,0.7316480902109319,1,714.9304381700053
124.26925667250856,72.66986519147108,368.68802387692557,0.6512419287826812,2,619.638052048347
51.468284356007075,104.86140593222075,786.8683741557194,0.21060418611309517,0,840.1265955805129
132.71734245206864,71.51312180782745,320.7392587983697,0.30396025868608556,1,430.4168078009956
135.65480235745582,66.3206684717787,176.29726849502026,0.968974903241041,1,511.95950051248775
87.22615731915482,106.33162416979621,472.4198288957328,0.4486706201548839,1,702.3832260537679
65.36128990606348,86.80932709966154,796.0413593246356,0.04445747643638054,0,725.7864935680168
110.08404079450808,112.61592858404691,865.5057492280672,0.21958489946633264,0,744.7407774256673
61.96725558648943,141.22053404086762,760.0103635270157,0.34243508966183767,2,1043.0759875098229
86.49193610782525,65.09931314350676,602.0980106497697,0.9994894042945859,2,840.9026310160677
145.84291809009724,141.3433659813064,751.772531574259,0.3026915474769186,1,712.6970248714498
149.5464472583637,140.24899674229187,713.2505817734752,0.026395848782544973,2,702.819978571445
127.21048913545856,132.9087583335903,310.92996924555473,0.512921577555336,2,723.376283813839
81.09615099207662,113.12859173060852,595.6830029828743,0.08360538497397707,1,649.575996403425
118.76650491660925,112.01466574655474,793.5483993745888,0.27406759869572184,1,805.2084371368421
120.54063654840127,113.92126599365015,385.40859568762437,0.9923831760939391,2,663.9848882929913
88.78416951636498,119.04955512178131,688.5758320452383,0.7046385189301544,1,797.1165434995967
114.08886345861595,51.6482200596157,533.3323847669187,0.05066662928287036,2,574.777676079973
51.072764497567626,145.80925791606495,552.842965850518,0.448686718591796,2,1090.6184044302368
70.90576586022415,108.56037614655799,181.04953400394376,0.1716375126288493,0,685.9790688307995
102.50883029672612,128.14658394024218,699.5954487748418,0.12294465640212127,1,819.3279289799266
66.37513042582958,87.72818390613631,879.1183318190681,0.587065413348802,2,987.939289619774
66.59068678765337,51.23972139157959,227.28815922327652,0.5056558896402157,2,572.8704956200588
133.6304290550238,100.9734659876444,429.49509599480444,0.7428665843155082,1,644.981348000278
148.91330026836056,100.71901193159289,143.8007093567515,0.8923062282318597,2,538.9568905406535
105.59694280284484,93.69892883114518,126.668697378752,0.24668185743166193,1,487.76811518217573
133.90697308817136,83.97170541620767,990.6926470045694,0.9229919866553971,1,831.6232563777254
149.03216643262726,74.9826087809722,544.1243574757461,0.5179917725540955,0,491.4353170748495
64.15958885687746,102.75448744971828,419.96711677172175,0.25883491818511717,0,746.0727636180585
94.8245613254351,87.52781396934941,347.38936896251704,0.8457858381026093,2,646.7715031598019
89.25727158419198,146.9931883049809,982.0113804504632,0.0355299180290225,2,993.1627044269296
58.0049283646185,67.29273077669315,327.02570696951534,0.5595093774729606,2,713.7598560468849
125.53301727947445,81.9665567627087,753.137556163969,0.7216215350299666,2,763.41819638939
93.3779027322593,79.3960470924571,355.3822862253404,0.27997768715614324,0,582.6805715473429
96.93269341904013,104.3309176235957,163.4405548212272,0.8634919175632179,1,600.4217493393843
65.06729738132401,99.9280256974148,714.9489530661472,0.24028456335798487,1,854.4800909437695
68.09266522308681,114.37404654242731,101.46776286687839,0.8398742827317391,2,761.3233413894051
140.7103622156215,145.00017705742079,708.1736604045125,0.07854496383245724,1,683.4812467069336
54.46490889742789,78.52210854938673,325.33893909084077,0.1599275918684313,2,714.7088385507864
73.28522849437063,119.27715692549965,771.4938088643511,0.38098458390190815,2,939.4991998413782
79.20593303145284,52.50402030051836,792.7751506155845,0.8540555127981793,2,838.0585425853764
99.01975424015865,76.23884727336245,751.6965149357841,0.14458536512678244,2,770.4792873006746
108.6445173014796,96.37197279965928,122.03509732084935,0.8754382397942415,2,635.7142995399902
99.32899758506666,53.09947884811345,733.3629576793916,0.22973152661279372,0,600.9372594919117
58.4115334556882,111.76694605536389,991.1310526501869,0.45250839859452874,1,1085.8406572144925
74.36674540557135,117.83106084017082,318.3628316730606,0.35273440426033775,1,750.6961617232719
134.3588384762541,124.67317148380467,346.8147150028047,0.11812622661452354,0,504.93929829378993
113.7588700478459,101.65745048430122,832.1738946224856,0.9443097395191401,1,860.4572891535297
114.91490501342744,110.39446649786267,244.3571245504725,0.4381782907522135,1,548.1881588068399
117.0203255351355,89.60652512784873,694.5253079540964,0.6903312613561945,1,722.8259602000368
126.29030190395291,54.12530325065625,779.5237397505206,0.5752676766640311,0,607.5613486817525
55.81084817214473,59.9951855774513,133.44459563742146,0.5017159168522074,1,563.0360366089188
86.66083849326124,115.49959242014641,598.3858848387035,0.616577623556849,1,844.0392470431995
103.95274352616786,149.5555299585776,618.2895326822946,0.8983423062024289,0,808.2398731624734
83.8456483297326,51.58032391632962,373.09860765261476,0.6993123756941095,1,629.9591266144
134.44788732871865,105.75834968263828,888.7102024577655,0.5324800794552211,0,700.7554985456289
98.25725085872939,125.10087528825579,246.47474736987073,0.6451859606659763,0,791.1814547635638
126.86275894593791,132.67748280138787,427.7752385552745,0.6063942805090216,1,661.0204613243814
135.20155168811692,104.52049012226401,863.8018184325964,0.4331212074863131,1,651.0043366552577
100.4791482903498,111.99159801841051,271.57848094539327,0.6247640101304504,2,640.4145567058644
140.955224387135,119.67249452745534,839.2367226949075,0.4435698001641636,0,747.9487892792712
108.71239405369806,135.89662496934307,171.16225963116014,0.7576143778719123,1,740.4760906102645
135.02742988337218,62.228953720281865,540.306160470991,0.9689124835222855,2,645.7303366069555
84.05907955915242,142.61821962748633,167.79759620113308,0.9598653574972292,0,784.4255814834316
99.88169585314853,52.601740355157,710.1132265553629,0.8207357864249805,2,829.0863166639132
103.14110410045777,133.61997509577753,811.5413401500402,0.6017588970594852,2,929.4397250716029
60.49797158960706,57.67404265596973,864.8726934221226,0.7493319880707405,2,932.1713148844328
89.85525067015406,69.46282116049223,983.1360256695899,0.1780482952575544,2,874.9018671495463
141.7337672551676,50.38941463811326,704.8141500696281,0.47901845731392256,0,584.4064867204074
113.08322403647423,94.52567055360407,792.1557224560183,0.25730476499136434,1,765.433949843623
67.75065824369675,83.43592267173923,555.1824504891964,0.003494981109347095,2,741.7008555142942
83.88556356096049,66.59929114870273,921.4632110630135,0.966737574672076,0,839.9750956466519
69.16030096626999,95.10901608039063,679.3825439795163,0.8638485618518413,1,988.8043670801761
52.48231317985726,90.2370883172184,895.1962656262091,0.5136986184699268,2,1018.744193071724
142.74604585040265,126.76610326987415,311.90681531249277,0.2541522881190068,2,654.4458025375509
94.82073282568714,139.31303060700324,547.0640026462579,0.6929752101992367,1,865.3352985409482
80.75350724207861,115.25672517670819,756.8370289574236,0.4348010845499275,2,936.315314693853
109.84771915577366,62.441038872652385,282.44957910641494,0.8033495334226994,2,638.4688137800628
50.73144562930156,79.53907947098506,290.20581393578044,0.9995181101809494,0,782.7254683400052
77.80221066008139,141.33182968322797,980.2384663650737,0.3490826074898701,0,980.7972546717011
120.30334656988926,58.87344930078892,491.14932466348546,0.24440304347804775,2,619.6391450668599
113.3769773069263,90.68558393908265,263.6339076313945,0.26738248879475823,0,469.46124787199767
148.18059475425355,144.25046192334813,398.3174937833554,0.09334624568067196,0,559.0899571596714
112.0357709658044,145.06648414694857,457.63853343933306,0.3940461965001554,1,735.1388775103775
97.75058736277327,91.12031770488925,660.7767317231991,0.017425052716909306,2,737.5901703237623
126.14325631840076,116.73968880987974,930.7131931429773,0.1143955574012756,2,968.1891822982801
140.33278719640532,95.67455983539989,987.9310683298819,0.2716957472726703,0,622.8090379154943
122.06959467183516,125.34605394363417,686.5288830200012,0.15986277590948073,1,777.8431955379658
146.32112235493796,53.15813306929985,729.9301247179523,0.7321590995007252,2,630.0829220160737
128.2005170738177,64.41571489213584,389.64625272693013,0.10560479086790031,0,451.0555319470437
136.68014382619265,111.41988035435992,871.4427359038741,0.8659941050245247,1,946.2090511961744
61.41040711836372,73.25522624430636,296.0185016982834,0.22111450371095287,1,610.3551557423526
123.24135029937877,116.60522992691486,195.74258437987083,0.10859061697156769,2,547.1331839481795
94.00886995273686,85.12229274612983,975.9303910878857,0.010106644431258527,2,860.1106994161227
105.31038024112752,138.66455581278214,877.724809138479,0.7152050043221464,2,936.9876856957461
115.41024094823568,131.92593855599864,373.28062108432005,0.256616745938542,0,654.5861314693605
146.98151167055693,99.28378000687822,707.6536447429443,0.5094986051377748,1,643.3491613093872
148.45780814316248,127.28950870948577,520.3165216718796,0.11161604667215574,2,686.1817855124515
78.82282454879052,77.11378862350904,390.8153855309238,0.9852959232362493,1,680.3091972845097
123.37534974379162,99.42597768118625,358.0967896842654,0.1253847390699553,2,520.5668554368325
124.99835379352686,69.74820518632782,222.42470069881585,0.4119259266418782,1,478.8813923455315
84.64928613130488,136.0886168520994,594.3862740482552,0.8516495023344659,1,815.1440393006623
62.3869774864221,132.3067616568415,501.937021105757,0.24488694848040682,0,863.1625641091956
54.094696028571974,140.2149668409001,560.9677782699499,0.2669717853461734,2,869.0353623534637
127.73431275291786,137.74769812242596,293.82145073146404,0.8084995158907329,2,676.5831900174376
98.96997418169059,145.95962620594946,944.7496036959229,0.2733396571920127,2,999.4465061468277
148.55401694949262,72.8336231631926,674.7320766974874,0.0028713110948129783,0,466.8980659924129
96.4973456193653,143.18242907953154,909.6405916450032,0.4279137204899498,0,810.2894633359083
147.79169790738402,107.12131913519977,198.3440494294799,0.01253520967847499,0,496.2619801402326
91.15760021940599,92.24950839181523,660.5658692705573,0.9097922838293668,0,728.4465527029929
129.36821505599727,106.0373895967873,864.515636779745,0.6418132241792209,0,737.2319330338138
58.48192723118321,84.26023566502778,397.82870183302,0.5830142662212422,0,704.2057377018965
105.54617101377639,78.85530069609521,275.62885222238776,0.2015895108623631,2,634.2504108981785
130.20597869857244,74.13143379775288,338.51917522505767,0.6999461854286363,0,533.5145107032836
142.47016672198885,58.24279894571268,345.64035407481913,0.6772546436783458,1,459.5662505783486
132.25830906174315,99.65648971471875,502.47906843118164,0.060463573925364944,1,565.5678507819279
53.697072720117426,138.77616757138873,393.3672425013984,0.8808465308105725,1,897.5884167238735
87.27023413067342,113.01519692743847,344.14666543719215,0.5794133629298055,2,812.6806805072277
54.86984723138513,102.09756327557736,683.6610685646241,0.7924668810386102,0,822.562299796898
60.9282291114558,92.85929182509165,147.72913450469602,0.2629140721288442,2,798.9865660764194
117.53056286674841,96.4401626317192,406.32740032575697,0.12204779975345414,2,598.6670422816808
121.32581963116982,70.9277347571951,720.7767693464274,0.7024495731867846,0,660.4837217008608
127.37206827516263,132.29358771930973,258.2647743529053,0.7938826862551621,2,647.3574085963251
136.5456548055663,69.83829632815281,298.8350759916211,0.3860335336192914,1,420.3531464261108
123.943146847651,121.6622756727313,280.59996287162573,0.02369227531631124,2,566.465868680934
130.0871592106632,125.99850114961527,100.83349605826443,0.8182540246538645,0,486.5354497382929
54.89637098232792,107.48690420277342,526.3909766484155,0.20609390633044067,0,744.4907594880291
73.45351504412986,136.29263749548284,135.06291047451086,0.3390319418974882,1,650.7005601371347
112.18977733752457,79.10503524506501,345.6458305974101,0.6282310077771303,2,693.0560028043652
135.8125304624823,138.1617221242863,995.3230821327744,0.09995471921130272,0,730.3682239534182
50.450012493965914,122.94104595993042,926.5565902512699,0.07199576613846315,2,983.4123753449242
101.46293421163497,129.87498277617607,293.5682273407008,0.02570377157527426,2,666.3025224204441
117.72873993643972,116.45797095273142,379.0021887225395,0.9166398602394554,1,757.5919910902555
52.96072891286132,134.63430169899692,517.3341240416963,0.31138274426865564,2,939.1166021833934
90.1355557553388,149.3098862717636,859.9721919933191,0.6606588151171319,2,1018.7037544181716
139.56348813836968,92.01628545246386,822.381347253782,0.9892352490177422,0,651.6100563910296
117.16128088558587,131.39156837095703,213.61729290965394,0.6694507935619435,2,641.5663456063846
73.76583633605973,124.45797595180336,212.0039635135169,0.52509479585618,2,712.9020316035881
135.27811296319126,95.2870165712018,475.0590285046402,0.5209199335172385,0,627.4449606024951
84.80314234095144,142.6948999732512,883.0858506523949,0.3769171484555517,1,975.6812257990605
135.33446711440592,89.44259295725948,893.8764991859521,0.5997796559550853,1,714.409807520536
79.89436511189055,106.54659162762376,196.62926471787716,0.9587913895457043,2,747.7045793554552
109.0320250883149,60.59423569909615,616.8675591689964,0.7880440336983101,2,705.6939824786651
89.69400677478342,72.57751940662662,240.10767741260162,0.4242266170332375,1,547.056338314333
77.48250507550671,134.06961705337608,717.5163790025044,0.33244482903253325,0,861.6582117028998
138.65575621718693,89.65527228288474,924.7899231360158,0.8835315296231214,0,730.0635451793896
68.75936819394913,89.40840894152582,509.2923632280343,0.1357858256265938,0,787.6417290297501
58.48115912357631,74.59810181906202,174.77449722284635,0.8495852569643018,1,763.7129815549332
84.19269385456604,99.16103342974543,621.328776305091,0.25507676134233237,2,881.5564256283246
121.76391476415675,130.58169613506226,467.66500312226924,0.7156292357759177,0,713.7633742660308
130.74316059762816,139.51641177737395,829.8088771005642,0.80622058077483,2,890.3182628580204
149.87433700667648,57.011443204418384,406.310017533749,0.4769965172634726,1,507.27238768616996
79.6362057011165,107.48207312401155,887.4074804253303,0.19228397614227433,0,810.6022779299352
90.79419511312821,96.72733678923345,346.3303668713064,0.8447677434623754,0,751.22527859466
63.682127802962626,111.42818504715783,241.76587229981735,0.36750834505331476,0,690.2984394413074
107.48719296230335,94.72756869082691,375.8323395867219,0.3206802604825193,2,684.9326092811359
149.75800372629172,89.8644820853415,131.42421264047186,0.5100161823534396,0,400.91510786593886
120.08810101206585,97.18807124294894,353.12137018681716,0.4350862411039177,2,737.5344255730424
109.52128404133717,108.19991287564142,694.1058704938276,0.6830522170387242,1,724.1724370984589
89.2369092921794,100.09832110317768,228.0546807009331,0.13719780837266538,0,645.2819713887541
141.52987602855546,97.21444510206462,200.22847550792918,0.43568965404787297,0,434.21634565314076
99.69165961303494,131.78353099580806,219.14676212891536,0.891701811225204,1,651.3793420612294
63.43669133130615,124.56479912378578,169.79650683531975,0.03606270943972545,1,641.7707260375252
86.53784631991334,84.13784941811929,887.1718706586456,0.4573383331533264,2,817.9539047255772
56.716666884776686,130.05771175153205,949.7036039468753,0.6605319663852102,1,1086.6551485677296
70.19790376887815,135.36506690045002,141.90503655590766,0.8877110870419853,0,672.4398067208946
51.76687809999122,65.34922053741906,784.0646033891862,0.5937862269331757,0,842.3217434458076
95.32799165001634,108.26824617307588,763.436572045478,0.8244842712393285,1,929.414628259425
113.45402649517972,78.53119935992137,997.2184821490364,0.22269101895928645,1,749.8696372088795
84.32924623789077,123.91723219267226,413.08359554896134,0.35280943622785954,2,785.7391084903433
92.0381771505277,73.87853293586832,356.95809252137457,0.9421322739280427,2,675.7087911662893
145.9209272844576,117.14035241730318,507.7739087288445,0.8859751130926863,1,660.6703423186599
125.19631215749155,75.5124656057634,870.9176594342715,0.5579529826887045,1,873.4083776849536
104.08566369449512,101.11437634299432,755.734278284109,0.47548833779484523,2,882.2539743214936
78.45408751118252,144.8646467916192,524.4614325707525,0.4510673914544585,0,789.0742128765764
139.6996798772995,88.13075384564345,320.10655895728587,0.05878966156701604,1,447.89381044291565
73.50971168806595,137.57384859632077,754.314167141534,0.8923771039565669,0,932.8221894447158
82.5342730516677,148.69445812038947,869.0741812379765,0.8181495084153355,1,1020.170784040346
140.90648144229485,137.48508488051633,459.9561079607418,0.4562511447278671,2,689.988238975508
102.95420552850723,66.58660297233429,701.7269012388858,0.2794399727194734,0,668.1105434774369
124.23179494179767,131.9658219535163,460.19081905893836,0.34292060642653055,0,581.5038771006268
109.07447941637662,53.214939510056126,530.6440943273363,0.12316058587288947,0,475.68601214726056
115.34392090094951,89.3301883699308,572.4193419594222,0.7217897413057226,0,677.9058483084963
79.93832915148255,137.07333733178638,798.1532326200502,0.5566698565548577,0,834.6081108438897
74.13720616266629,118.87522127599198,979.755385716038,0.23410342282489494,2,1036.0900412728474
82.24923471686652,103.27404273378781,499.92954637440914,0.6230055720776897,2,829.292169389171
65.54415640834225,88.78640250826206,408.08350562284534,0.9792302142549747,1,714.8965252367482
137.43143652908074,131.22969464702862,436.2319058251522,0.1223951354761792,2,665.4783986159417
78.32469332501141,120.95584039482209,220.50016243766348,0.45848501062532776,2,669.844706296923
106.14893944143846,96.84053196156734,367.24486403595046,0.4941588209221267,2,731.443470333246
129.1974425141374,139.24843372096598,177.8026719419256,0.16679721382380241,2,597.4644587883956
128.38241093757136,72.99480178186323,485.10483686132244,0.5315802109973148,0,636.565144909907
93.83862585841929,67.03915091586249,250.621542379944,0.60597725854809,1,650.0743600798859
97.62573085867257,114.28037643335816,411.76607137696783,0.1573445388184953,1,621.6051947619302
149.47017489350247,147.19943427017705,814.2199744524456,0.1547238990088764,1,643.7904101999128
117.4597476979024,74.72565733067702,321.33488553022244,0.856348715633756,2,618.3308069225225
131.46384431178825,74.96703789338265,650.705159207862,0.31138743667004487,0,510.33142541025666
140.2553969219232,63.949884796218996,911.0632773237515,0.630333387078631,2,850.2703581849896
128.75898362293393,136.05635552736322,610.2362683265922,0.6267730756752141,2,811.2837109232444
68.51793449535676,72.63975404113341,274.4133514951714,0.839170875582635,0,702.8728393380327
106.21707337375722,100.31785267248878,410.2895745693589,0.7398946312315234,1,683.1666125956159
60.18941573145449,149.08724780022044,631.3322864656594,0.8405764334382778,2,1030.7356045733025
115.29221265639984,51.21409009220436,555.9500257838681,0.6252147896506657,0,571.9317631819565
145.5349428187811,105.6486090510794,233.75785264921342,0.449457160513994,0,517.4072128635164
101.27320643001113,101.22890427049458,502.11671022151205,0.3935665213130747,2,767.5790805306906
93.29724928677672,130.7447376410155,588.7600254192236,0.37902976666143584,0,700.7802932591534
53.58427514181632,85.5281539552777,340.5994430118152,0.4183930979091578,2,870.5326729725143
145.97745223292202,91.03413588990415,651.2009638058668,0.12930925215377032,2,627.7144866607126
60.30026841301588,66.79379805988637,163.14408953668885,0.423958371003167,1,604.6775951396444
54.107909330484695,124.08152316357867,402.9463302089651,0.38944490720262115,1,684.3663076932303
74.60666115049385,128.47089091881483,823.849149499817,0.03457166331823147,1,918.9467322588225
56.553043391838244,63.66633207788303,333.3563208173399,0.27513075532634,1,677.9578241689177
95.51178424117623,89.34570739883218,644.6591650027704,0.7519069747402168,1,792.898640264848
101.60878012571123,139.2904995362683,469.02674233928076,0.5779455714096253,1,760.0725436833671
81.2569949028584,50.270727367578715,384.8141281737221,0.8061674967560302,2,690.0089744693829
55.096048257488604,79.87590706226322,924.5185191190242,0.5426880443807649,2,976.2615377441809
61.16003682492267,105.50422850525477,408.93554627234516,0.8540837654752674,2,905.7830558558687
88.45043779899281,83.40938596599534,313.0083113383165,0.7960670996017167,0,666.047649813594
56.05284508265361,77.20451891776693,918.3711840762435,0.09828457014224712,0,820.5085047703714
119.81897256099134,96.00374849032127,771.3499203422334,0.9770063680159924,2,907.9194268776386
70.7020541524812,68.15231081096937,713.6197423283776,0.014747446901328787,1,743.5069184707596
80.20715687836385,102.96252409594838,144.58144786018823,0.5968380379296185,1,631.8274015732349
89.41257771780974,120.66959213132259,218.08446464419825,0.7925115093167623,0,675.0255440307054
91.6609633069148,107.52949526285022,674.5059674286965,0.33189413985090344,0,672.3357476633026
50.16607076748005,59.310933085853094,288.4895528736342,0.5985697922971579,0,665.7801366712288
61.20703709986975,134.4408614165573,303.0741870673232,0.3621225308474483,1,711.397521699067
136.2764563740878,67.49778374874882,801.2246638092496,0.0606149750075019,1,567.1209511474777
50.12330625119081,126.48120006111286,357.3324539532484,0.008461519089330904,1,677.5050653205515
100.8167355812875,86.05651107758504,164.42857193672438,0.09486203011118832,0,463.03747714405534
98.9502006507208,128.27613480561024,132.788752578875,0.0984095941200468,0,622.2884408357629
83.30941610106379,70.62729034053457,498.860188520759,0.6108897773937499,2,760.9095885757466
93.13270201464496,68.66621036954298,655.4157199161814,0.5258652309625133,1,765.4460222863863
128.05811375265841,99.70258462174823,881.9967100526226,0.45546330017314207,0,840.2895073423151
134.12037062149562,53.29360146983605,199.72395552937536,0.6919214756024176,1,483.76431000554214
76.034854341525,72.52973387823334,277.00554365946664,0.016826137012448394,1,551.1768596199136
82.24904409677299,122.40122521843483,576.820549816724,0.2709834814157309,1,767.7263752201995
74.24828530283327,133.73834783054255,427.6975260177776,0.7773927312876279,0,798.1224851097812
97.98634005510651,58.07853639378104,534.2837061209452,0.9099771065171185,2,724.1273330323785
118.3258357658813,138.20777094381043,931.7121840857939,0.4383365962375816,0,803.7547042720216
72.82528754634205,129.7517204053179,590.4024884782184,0.08148398013846636,2,917.1715219106841
83.07357420548666,136.96842957069654,473.60854955086836,0.798728739228488,1,901.7774928023703
143.03846175891505,119.84285545788399,990.4959160297703,0.8851704332727336,1,778.6703839276181
54.856928984695806,117.41530672939648,158.69410290958268,0.41366027069371947,1,688.4789222577634
96.07696052395661,102.50932333448638,938.9021035340547,0.24335525392027701,1,828.9425280538668
121.15580415967779,115.2787224491315,551.4956578589347,0.04397166822294529,1,682.8667177548854
65.04540115574741,141.9109664566605,553.3807039904243,0.591082821894856,1,964.5932011819343
54.73740200054819,60.05220014167084,929.7679007828883,0.9098694905624992,0,1040.951956108842
63.820537163853075,81.57644778460912,556.5915816337626,0.6778880255203257,1,790.1562149227866
141.88231935306828,57.24549735958718,494.5663814771339,0.31724859789473436,0,438.7177264118498
50.92597818211234,144.48051719440383,345.2397329054791,0.6428883242899669,0,860.1589917082456
68.83219748113518,94.5265465999388,692.9350901356788,0.8320684074480255,2,906.3319446705596
53.12835129016445,117.53444706761884,612.6805818817854,0.4758300593494579,0,843.2308442023369
61.06294675622033,134.11200645043215,292.91089325300476,0.8197484899978386,1,818.880970719342
112.01492866282962,149.10002480764885,738.4716235551923,0.3919096766663541,0,662.7542563457648
74.16389087390857,66.17824577922657,679.6781716029765,0.34850567859577064,1,769.5808182179479
106.92120504306769,129.95126057182287,457.6004957858867,0.582988625878554,1,737.6100170869593
109.01953827661262,138.74228981367364,103.96082971319551,0.46468641769448127,0,632.8974890088822
134.94353330897792,54.887537685087565,501.92303515856895,0.9771119204610832,2,654.6397476983595
50.47413929118739,125.40905601855734,105.45230541722655,0.5163894235281747,0,635.6886164091364
135.33694593423667,85.47253211965503,167.49864036913587,0.38517202891602154,1,457.4484169299314
111.9119086426974,114.85967914704321,487.5489122327507,0.39493354312853624,1,590.4476531579899
66.27434861049576,101.40481960388647,173.72789576679492,0.5479399506131166,1,632.8544695927263
127.2937388135284,75.9742252086637,348.0988904084496,0.3549120380081954,1,564.7186129533643
135.54915417905858,63.522136200398606,689.9422317030716,0.722906601964936,1,641.3285110472551
75.42634837541573,61.69472330892083,377.75380834847715,0.3806629277016409,0,646.5034272385853
141.8793680902681,60.33228577084917,997.8837347093594,0.3841443865252431,2,650.9117151492609
95.44574302986578,113.77900401345778,924.671830523483,0.6169732493768046,0,851.7367103918075
110.34244543333214,85.14108513995382,626.7789141269714,0.06084687269600997,1,630.2964594171584
148.46495336176434,71.66334382058724,970.2524247714374,0.6553549181151461,1,773.855003447127
86.15360786391994,119.1885092705903,881.2155649892699,0.5049722171586871,1,951.8155492408807
131.31593458201127,118.68495657664668,387.00866695643833,0.45302611428664163,0,607.2718600365012
81.83991178284596,103.91682923569977,774.6366213867784,0.7192529907079513,2,1016.9541914416765
129.9213522241491,143.49578168658508,223.14860560355262,0.758255782004861,1,634.1773768129788
110.07339188626425,88.54142314414213,716.0962819408669,0.8462608634124593,0,803.1301259976296
71.63556952254015,133.5862971269293,541.9736438451224,0.37480312081744727,0,743.8232533220221
91.40260937892364,57.51394079321963,115.14334532754225,0.3270376922533811,1,450.51937642724704
81.76356343635616,123.98310940385045,346.80684015133363,0.7143421014945195,1,813.5014631432665
57.810839308036385,148.844741383193,959.8439956638236,0.5818048591404459,1,1003.9183808784081
52.98347700996975,134.65982162878169,384.2483365796326,0.6318015463518166,2,948.8703711929201
84.6478655407181,107.96647193100594,263.3090097712966,0.5555229071058353,2,746.6065475827357
51.90341478174866,112.67660643271606,268.7783019149875,0.7726930232038545,2,913.4475595119691
66.5487757581775,85.32895494369468,531.2919381777541,0.19004088849215317,2,793.0050662367345
122.51833208508688,117.94852182581039,858.3843166034815,0.5557121327413967,2,875.933923128704
120.80912356835879,127.0395383181327,782.2015886200119,0.1581017889436298,2,844.854380388227
123.85803864573826,149.8228481117854,493.1668067839969,0.4072519392909919,1,698.382167573197
81.71531711299788,99.2462917000433,287.8541950932645,0.6639938234160748,1,669.4729439956437
139.00194571176957,56.130406577344225,141.45841009197198,0.4930716083141704,1,435.9303760818573
109.38305480284475,109.58579507309852,516.367287534458,0.37959153667218126,0,648.6119387056556
62.602634174662654,61.902414998216855,833.2978136663725,0.8849700014156061,2,932.4027006480228
64.37186614555341,74.47650435561101,756.7137942348824,0.7728257144974784,1,876.5777512132391
119.30954269297015,82.87799113057372,467.7406908645253,0.526290785000375,1,707.4986386971526
67.2943936442078,123.10298731484106,635.2324047258403,0.9500531556754879,2,967.5361930543024
100.72927015820433,68.38081238785006,492.6218688515959,0.42436528943499385,2,671.0027950687762
149.1774475928711,66.57529468423525,621.11449881116,0.788072927588106,2,573.4785261107996
50.400760473333946,54.49642424988275,565.7547199541942,0.16793623980141792,2,788.1405163187364
51.65798018975569,137.3239936353881,712.8699401126431,0.28579247711059697,2,1034.6819899240256
149.30845819305065,119.35054243560607,556.9379591798115,0.33808558133395483,0,618.8682921585163
108.46388341341655,53.99464656176265,946.5498983508027,0.10582075270452329,0,675.4324901064817
62.69099755185131,52.82923056381146,485.2253634235176,0.5018048150760679,0,716.2022547966358
139.73021997540937,105.86742964750562,114.32467273573982,0.19226013412649567,2,540.8821950736872
138.0380300127692,78.2534401286711,312.7361818680861,0.6341858894496586,2,636.9685990720872
103.62004131113753,109.67263504319288,550.5461722959903,0.1900923595730183,2,803.0780160261402
112.17920298607565,93.46041756809653,586.5146666997957,0.12350625733927534,2,786.3805381883888
77.31871915008763,142.33125623102546,597.1463103808481,0.9690867275989246,2,979.706420957482
55.051969637200514,78.78090149613679,743.0968884430739,0.6582403058111063,2,876.895544134378
109.45676088908644,117.91453684388935,347.1833283557751,0.9364509147084885,2,805.6784759700956
79.4755193202763,55.40543116185992,698.4133111373295,0.48988779199323196,0,743.299831194049
116.3621046660352,145.58605341889253,733.6290458072915,0.033402463063374244,1,860.4278657581324
133.62451768426013,148.0757467908352,470.1526773587437,0.5743711704314439,1,780.017545348672
51.8160543914364,123.90746290164124,461.95218923168983,0.5583288868357085,1,969.449652688968
109.57137746857273,96.5212471563573,261.0323070908048,0.014975605936593972,1,573.960880420511
73.12805396868522,71.99934393272613,472.58863862983634,0.8612420444018316,0,726.9742826027878
137.38884979038014,131.2516340247965,808.1346625363111,0.6199706806164247,0,680.7752742640757
75.36645065618285,123.63540971470222,918.0757049948955,0.7446911693761461,0,960.2218746450617
111.07701332354182,72.1954039560949,634.2518721861688,0.4939211061575146,0,605.8927139726112
105.35408400896114,95.12152941572657,369.4333090188689,0.618402437908263,2,721.9189943031244
89.6166500059249,96.27989378167851,714.0607467937583,0.2574698932285242,1,782.8054916729302
117.7620763599794,132.6410549972709,766.1315878264035,0.9737577677686472,2,952.9323754091247
122.5769634715434,118.38446843340765,398.9915009025961,0.4007200075476651,2,689.5165252459783
106.69377953193867,114.31675435400551,843.8930753405921,0.1623266213376291,2,900.6284894737151
125.84222371847541,114.98274225632784,166.32624892450607,0.055915418374627324,0,321.12969844998105
148.34170759929376,77.04700793824789,109.67834584002297,0.6361719330853711,1,442.05807706275664
91.92723879008051,87.1711259829534,210.67369536884732,0.9833798511764558,0,678.9557942720141
101.45830518855308,54.56622854367061,240.40751304475876,0.8957944968462817,0,629.7138430172545
51.246987794121324,128.69411358121238,891.0361296529492,0.7021045674864136,0,1036.245195357034
129.60285563103784,93.29982151698138,482.4835319991528,0.9905979289928608,0,715.9176784609456
102.02300670459938,93.82383570875734,347.4385227733435,0.7228282620421065,0,630.615061717925
90.79614303605652,74.53562649336267,486.1676043881374,0.33925112340139596,2,718.1856952382802
59.40719630893958,70.9427281459429,455.3568034305691,0.6012181330601731,1,787.1707592196557
138.96564216753973,108.78219295690292,371.3155011892153,0.07976664248556153,1,537.7665502735155
89.50072400405564,73.25530152036758,224.10962417076877,0.22168249022254083,1,524.0301266121285
118.25815982092203,56.42088515654644,690.3239157764925,0.4175402359284922,2,671.868380356075
64.93741563681508,126.75074159808983,222.94396250168984,0.20181849356304526,0,612.4487565838729
146.15496295410327,87.64694344063659,797.882007405407,0.9535010148281706,1,762.4747699224229
67.84417618218309,88.02355838993044,281.5192119524082,0.9955975267446494,0,707.4049826641416
69.95419928994903,93.13182815157913,758.2341764199805,0.37093592012166543,1,834.631758771658
135.8982860557714,131.50448234080937,825.0274951259203,0.7092289860771986,1,792.4952668554997
141.25827441419312,82.08368959398172,212.79340879700567,0.40777073066324054,2,543.2679533022065
71.21474075233014,125.80362112578361,178.07119145920365,0.1395092043862064,1,716.4980967131546
96.9800888174828,143.9544840779543,954.6154935882939,0.33692684770210857,0,834.6887939515076
123.34949045628298,116.08681959247994,516.7421260773226,0.2333716987156632,1,595.0626636099181
137.83657338108014,93.16810811770247,667.2119454756895,0.32807822040741974,2,743.7302263055966
87.90526950373052,124.77897231466648,120.93439610959098,0.21502168839771651,1,554.2119557287264
101.70194868494292,95.78973697513855,350.8391625007059,0.1123451190582464,1,631.8161176962528
124.1716410519735,91.44272711081408,554.8578891034476,0.2174284293624129,0,655.3049388169285
123.11359766527954,102.52831635726832,897.5964820504636,0.9057570318298428,0,880.5783279867842
128.2960130026085,81.77223348092937,344.29547580793866,0.08522167577652873,0,494.07363491671805
106.99338186415264,60.425021628000124,797.6721878728476,0.3247566437552345,0,694.8781230422494
60.46150968047752,91.48520055261652,695.9916354328317,0.5284498945026354,1,983.126019045146
140.397329087804,62.3856881129302,203.74369102517048,0.3545126561783568,2,358.4329433392883
136.5572539321028,91.04414735554467,364.0376555127969,0.5176070950188872,1,538.7955774374369
129.8097435818333,105.69337212134502,314.0776327947578,0.04342006023435396,1,573.2858820239557
59.98624771607295,143.07111812056468,498.27482881595694,0.6485696333643778,2,942.9225890240463
70.43973670814292,53.62223310453036,671.8008187428259,0.5634788015560602,2,885.1573359948653
124.3600365107652,112.14584065019442,490.077779957656,0.6809662658546916,1,692.2378937656699
52.31400945819465,95.77351866500773,320.0829181766254,0.567257815827237,2,828.2944622294945
147.92246337072797,52.026112820413914,726.2908914054478,0.4379035824256632,0,516.8573533206145
87.71446803556807,74.95481759387204,626.0239852403408,0.35014154229408245,1,700.6323335490556
121.93125336908236,61.84852523548015,567.3825166741228,0.2264351900997762,1,554.8998174916919
138.75710884880434,71.67941457314447,598.9776377013804,0.5000677268066126,2,665.3387893637647
89.46298881500823,77.45702434609181,299.7105816644412,0.026052452377506974,1,535.0619213621566
81.9132488599666,90.13063353821963,712.3879549832106,0.32824082809932575,2,893.836946009486
110.87411288982467,102.90393934888903,448.75048198489145,0.6778722935645294,0,679.1104487560353
108.09893737480508,50.09899939263861,427.1210377570177,0.10871703968635926,0,537.4400854955481
90.91399776247971,66.18693606287408,234.76078744009348,0.06289124231952858,2,525.1184973897002
110.17747558677084,59.35663856088007,637.1536010954018,0.6521786052913653,2,647.6896261216893
143.53813695664948,104.96733992627438,642.3979694918559,0.39777472114235024,2,702.4588375533135
96.76402566265965,82.90748704012698,406.2705792998755,0.8018250365493811,0,790.6771503344376
69.67421807506312,104.83977360347181,873.8650511789807,0.9373113039713239,0,996.1666105925221
87.72059828830038,72.18233021746778,860.9121088438854,0.957040453732577,0,799.0684757886246
89.41069825931186,52.422935408758484,198.14887583418817,0.4255928538941792,1,562.48339381832
63.110869302621985,144.13669012702468,725.5345490289264,0.2643272242750323,1,973.7045734174019
66.2871500554555,60.8308121188994,454.45128056652004,0.608613738742478,2,707.4497714861164
118.45620733936772,62.68587479617168,999.7433659566035,0.6281929259282364,2,910.4686789326196
83.94777542089027,64.65468265101406,302.52126671618714,0.6223449360758967,2,678.7016195583257
145.48983918558076,148.12765239932727,352.47178487304046,0.32177861371888117,0,560.3496924762742
74.35967453586073,111.76602401699961,497.8956651001547,0.06375173641730303,0,698.3825810177708
59.892450510482234,111.02899517038506,341.84363381259686,0.21000483882559895,1,802.1939244893629
125.3504563000258,148.66982015185295,722.7940297478627,0.15441942802223374,1,737.9786693876205
138.103605191787,58.84387692746547,532.8173009633325,0.12390034578331022,2,476.6655620819113
77.81133568714878,147.4500892542289,298.79095136458614,0.9262833210715731,0,802.7604175909362
70.2088101645478,70.4013146554041,555.7366625379063,0.013847645973967926,0,545.1869860648447
68.57661348710872,112.30715035620355,899.9089897285346,0.6018577392363217,0,902.8472322799632
102.20123013665123,92.00835653027917,813.1560821650476,0.9474737957401368,2,967.7571651523983
96.8416641246771,88.39518134771782,548.9460319841389,0.3600531274941279,2,781.2993477833802
75.94398398545343,143.12433284794625,359.6433428277529,0.5270980891724625,2,909.0085831393425
54.517311698942635,64.92277284402564,261.897818232275,0.6957836634751596,1,736.7435561303463
98.14913403262807,149.70690110762436,890.5445894682059,0.31716969465823885,0,994.3672810241846
145.93323476356085,87.91250610915486,739.1502464488267,0.47765198770724915,2,680.0182674866951
115.25192007526633,114.87749038885543,614.9469728327126,0.817102850332752,0,751.8400488935697
99.55065566286184,146.790673148336,891.4911813583016,0.7453556652802635,0,894.9051422582547
61.06920740296161,55.760105037897475,209.52125863668056,0.8084494114928407,2,765.881603958534
75.24362905495873,142.28643629251906,714.2403574018614,0.987340163627656,1,983.3927136125828
79.47739495745427,106.78113853543434,295.0410811719088,0.370327474936179,0,727.1584813448579
126.48035526072343,120.43968789774523,208.5196969143883,0.7470912629357731,1,586.6825977663627
137.67107972646193,64.91841838863483,519.0476590062399,0.6027845671019829,0,597.0326087736589
140.16418535664383,103.33874308310322,448.65363678791834,0.6666047672211963,0,602.2775956274897
148.4568608250754,117.35137147252436,947.0562483926669,0.7398739048329345,2,858.7218186508918
148.23666831045324,95.62473073876818,391.58159207663476,0.7497313169463148,0,555.6762767070257
145.29991327679812,65.49851781060568,833.4120331468022,0.8857451492948196,2,765.6943977603136
57.18221405028844,74.41190750855766,773.9443004215102,0.3493216752360554,1,871.5827385781283
63.77935359278052,135.43927909934985,701.1314830526826,0.6534813561119106,1,947.8125465440271
80.44665264760329,53.44709928327628,928.3604256640537,0.28029043159685585,2,818.569722487181
105.28982540644614,120.88620784408124,467.1321349432079,0.5945687051169751,1,722.461546449264
59.69778887054793,149.93900365145268,450.7040673845791,0.7511751401719279,0,784.3759259040678
134.57969578021425,50.74829961067666,244.85268122335845,0.7910010861616403,2,577.6136852428858
111.67561790773091,66.10456828199399,348.1858679455622,0.42012450298912274,1,500.3209736691295
104.2364402302205,117.41443008931344,891.7988104547836,0.5087202232013598,1,863.0485312667654
66.53113233672912,55.99908345853483,526.9439196202312,0.33384985117017285,1,741.3651254650931
75.32554744001973,108.9789983855859,407.21798997163944,0.1690363465396305,1,762.6288224238303
66.03120249822581,118.40001035610561,294.50084957395404,0.2605174051925322,1,643.6468015275515
135.19331577947986,108.81463481140702,536.4642252192534,0.9121370048998244,2,750.5095688652967
108.42278600612181,86.51847030210672,744.998833418076,0.30896954240931596,0,705.4894532863732
123.51294275196334,119.72822959866389,358.0228229113679,0.9747593335456102,1,701.6083699052549
79.60328629100258,109.42944280138205,781.9448687313887,0.24147808521538172,1,917.8266034804902
87.12526370882772,70.76371720939197,666.8089972524266,0.7230710874810448,1,738.6228662451808
90.48549644265339,106.31355435851097,808.8063062857339,0.5739032935718357,0,714.6492026578036
126.00149717440348,138.19072171389274,325.81866598742107,0.6968700495247986,1,721.9167960259975
127.23529876745681,116.683328569045,667.9253302597408,0.643957946609181,0,676.1362577087257
70.68135275140317,97.17915073938471,238.3617515399577,0.7067485835975892,1,628.5285026437806
144.1538856738099,82.15841028694511,427.41728394817306,0.905547048435459,2,637.8364999977684
62.065533744368636,58.588620943757284,751.9240853585212,0.5634694960624814,1,892.6133515374067
139.61220824236304,74.46271327590287,668.5015470219423,0.06784878290399521,2,563.9571278062419
60.03956456498093,51.11867530868769,269.07465280376977,0.27082543444689955,1,735.3896824554963
76.45398111513111,148.66259175249644,872.5084048832762,0.7082189804087639,0,924.9278519980311
134.6478536067957,72.24822521287399,148.01588411066368,0.49407462797567336,1,458.87222886828454
67.94920723460874,131.48759426853726,635.6941196649846,0.5485519826196869,0,794.1672105015718
91.35679313099698,66.86448818049786,985.4384502084456,0.5965804553802915,2,910.5377255507952
94.98592999441263,78.3601149605574,578.3542586584738,0.38262927298456995,2,745.2354941436521
74.52589730232097,91.82773192283668,820.6046379634787,0.7738955250878552,1,834.5795653865093
121.02452013359866,82.44056641416051,635.6628758701919,0.7235348838965485,2,896.4292602811907
135.1334649402204,129.8350812759861,804.7794834306933,0.7142994121931139,0,738.4913741592056
137.45751398555717,145.7693408015423,690.0347218197585,0.7153101740349447,0,721.3672741346907
83.9322145736561,137.52944836508485,722.0188130837759,0.8903580016542478,0,945.7238093685265
103.08503942878144,65.35778669477565,305.0300359777457,0.5953927794432744,1,678.8518077714699
74.84064038656516,127.66886763492903,767.638822215626,0.9670721994969583,0,983.7464558917786
74.47965015501454,64.79469133047114,314.1188979978977,0.1191926843906379,1,544.6170492821232
66.12540628519241,141.33811065621012,982.5762476283293,0.6319589765938644,2,1119.5272978041094
144.00190108075145,101.78785756685784,305.00847186508423,0.7169265459357955,1,471.92891746429075
138.798882860558,83.63810880567067,313.0156032378907,0.4772204109543595,1,565.458553212715
127.73587133276922,65.70254973341927,872.8058084354777,0.28820838645693647,0,557.2325435889582
101.7661521287729,51.18090881790046,318.68727576653725,0.550037452711099,0,475.0952302134466
99.06079155118718,74.79469916608848,424.81251414215467,0.3647476802907027,2,679.2725060040642
102.9745666182498,141.4020063281312,743.1761450611243,0.9091240710678165,2,988.5440622015938
103.65680135770893,129.72621922722277,242.8737221752869,0.3567924125332549,0,589.1393523103038
93.45630846976903,146.97937077507194,243.164579344752,0.17570699270212908,0,713.0687219522697
63.175483289206745,60.07615211213731,537.722580939957,0.5763891401654528,2,843.7299448372835
62.5663852868536,109.21787435056694,319.3270788094542,0.39599259138036935,0,731.6960368660502
145.22497158456832,75.71504740307766,312.0921600121302,0.09589814480084102,1,382.4946446452323
98.20307595863505,104.29417057724075,108.31502927666142,0.5648423509979084,2,732.8815543862964
145.32055249051888,82.0454885563455,433.40463207815316,0.5378464111657014,2,560.460431528437
66.357687771011,78.34655502433574,386.4254991565629,0.1731970866331951,1,768.039276366412
105.44165520399335,107.38453020245976,128.04022974400337,0.5976381689598429,1,697.328429886305
70.77172533515392,68.33181618695403,659.1098603922972,0.567358973857489,2,870.472310417024
75.31846061266015,96.91334369721169,663.9896638030186,0.773612623041591,2,962.9784191033492
53.00545787611788,115.08122650440347,163.72042459629301,0.36156992984263436,2,621.1771150546068
61.89533107402113,62.81820731828041,385.33740661850777,0.2487595236636393,1,663.3035598694474
141.68484076291958,143.0594270876904,885.524978795858,0.9512198869707755,2,982.4832778615641
82.15329914823317,100.57246994541248,623.9503614201205,0.5612175227827881,2,907.6014406778405
110.81292119145915,131.9527971884342,470.7772516107891,0.027139958884180304,0,567.5253981854177
96.50141319892731,115.39054306210633,518.5917356176863,0.8207116841117432,0,731.7558520806789
90.04512452452784,121.00009412225455,287.4519949922246,0.19675806091894077,2,590.0882484062328
103.18860913460682,121.6130940992838,830.6933506371352,0.7860363176458435,0,866.6487193913299
68.72389446153414,137.50998970614728,922.6042349058708,0.7051624271559648,2,989.0727987316592
148.86038985195765,111.3605435046924,919.5976380250393,0.9688137242631573,1,872.9387160382735
131.8307868703863,77.82171517213897,301.5409525230697,0.9655793015945262,0,591.0472127441724
124.16146327315153,59.95096428654571,379.66624099881125,0.27441062465575994,1,489.6021961208537
96.87592970139525,110.62506194501415,244.56049732858312,0.7664495812234184,2,760.5692075820562
65.2877122126336,56.63528037705811,376.48102026908185,0.31685508577992394,2,697.6602553318647
142.0665858273568,74.12934516895302,399.5248349103403,0.6291979388295943,1,555.6992213646372
84.13870673817277,56.07071846019117,669.7951633581719,0.5977460849545931,0,639.375392590666
55.01066896969338,104.88875890065671,270.68174339331216,0.05454351562116466,2,783.6815568211431
84.24036768106286,66.0338124942868,927.4572319309692,0.005181749835357574,2,751.4325229319203
129.44570304958842,111.04073194334732,192.78952307677895,0.05776401459480951,1,409.17056658583476
112.27087449882082,129.08651308632676,106.19020993089975,0.1279420475317411,1,548.1017406546104
125.08385847448596,132.18807207718623,869.4506157674799,0.2576524913477737,1,799.8927340525072
129.36353838623774,80.95435081376274,733.3928269894448,0.9069552232425624,0,701.4461882621794
71.19546110805426,104.8954532694496,419.82388332039864,0.5186326753466863,0,687.5220688067991
142.37833160931802,106.3010760086359,635.9497353191063,0.7968917388407887,0,747.8901071041108
93.79896029203726,97.28871821541665,301.18969075531004,0.8383117521072081,2,754.6663435438525
113.90136492641646,115.51138914247649,251.55068378083837,0.7349430985905412,0,611.0470882203862
50.2308772586742,71.00871238235335,524.0342216248505,0.39138512442057194,1,792.4783755110691
149.33684984111778,147.92432395867942,417.8690467488648,0.8638593938409828,1,742.984445593253
78.08963859641551,59.807982709093245,653.7070454817629,0.7420497533209206,0,759.0745794266797
56.206310654015525,132.9221141203119,296.33426610492836,0.7431514434050525,2,913.7400901122678
95.82620415365139,109.40959869511877,696.6349305045568,0.9015743271655693,0,846.182117446828
62.90300571820417,74.4854747193716,790.1753682725318,0.5986634724576837,2,833.9866039373071
65.23267101575757,124.56750006602998,249.97252872562697,0.5285744299621766,2,722.7167566996019
113.22828130302102,58.4480895677072,139.4724550761244,0.8901625575970753,2,573.9677868875408
89.29273915702333,127.44178344487831,495.62863777120486,0.45446172816419683,0,724.2850987737529
142.1852450154995,108.99852222430135,796.6216773931934,0.8115706960288429,2,845.930790278483
81.915649460807,61.07503183964016,685.7018520167284,0.05384636044480773,1,702.6039902277419
122.61801283839011,57.95055630923702,731.6935483731322,0.001289944456322134,1,633.1067512487169
96.10994301549076,125.08363334364626,462.55540599403156,0.5282924896043568,2,747.885409852206
115.99513011292788,79.29359065038372,311.4509907277629,0.07361189381638022,1,520.044683380619
109.96953567159903,138.93018507672133,578.6009589561486,0.9765430134530636,0,727.7931543102313
97.27839727589982,126.20730210301761,283.9291243742772,0.005501174039798773,0,603.3553817300251
145.0061094624437,119.81902447177161,753.6058272865591,0.7181496364986464,1,659.1847142050469
84.27136427549559,77.8606052633451,277.26981036352936,0.24338469578622068,1,623.136780833908
67.72355012492726,120.89445190216179,362.13694004290727,0.9675520052720562,0,717.7053387143818
117.80940608798282,144.81476845148342,555.8903004907048,0.38154165062789613,0,687.3132815787176
134.60075613079087,59.15598343705689,538.0389407291455,0.02728342626386515,2,606.3129048390525
54.025373993992375,82.6162642003566,640.7644387663264,0.02693576540878273,1,802.51468542285
94.96326884226806,73.46722654615941,493.70014044992524,0.5533733717246886,2,651.7496782556383
139.24876896873263,89.32501344006667,927.5259776590822,0.9867119790312812,0,722.0829392000197
124.96186189228675,124.23326548539464,855.9406847774694,0.9797735350457194,0,753.298360746754
149.18077164976282,97.42425814253866,891.2021061129745,0.3372729722892658,0,570.0673043661559
103.14138115972438,107.07306061202462,666.5649142630938,0.48270364918889697,1,781.9833729037824
115.99957188011513,81.41548880783424,671.5071242747258,0.1004558057978161,2,731.6460575237109
80.24802811379281,64.12892670871005,648.2788153443538,0.5221768559917317,1,776.4011019165121
144.75355996659923,76.69336489377285,491.3957389793106,0.5997015990482731,0,550.2481981648319
86.63354885565363,135.96803012419872,389.89540096053634,0.25106166561132104,2,794.153829749679
123.85107126866286,110.24169621534105,632.8025987039832,0.6121144359151738,1,720.0725059346732
90.31402041190819,87.79886731972337,122.97865342460528,0.8996927516962538,1,579.6051026947782
106.18189300629993,128.99059817355874,106.71078828142274,0.0009553334234805311,0,482.1877765184466
121.97825350215462,56.445743245490874,866.4776436670737,0.22893377430794448,1,611.3285130206176
100.89341517513543,75.38910879223857,141.78164029985996,0.20991956332393813,1,466.02250323566847
140.70863269095085,73.01031540573393,572.3156353000763,0.12388620303382702,2,599.2701462439321
91.93009879278102,148.53645621682222,653.4889866546806,0.16610121273710188,0,780.3033606888716
114.70717981433252,120.60985823927602,278.3541066601921,0.6259125453653877,0,756.0996399645181
84.23624333000541,111.77859363885543,906.1577544386334,0.10269439015064263,2,852.7996212212746
90.81566682310131,50.49849652944729,271.0861945735375,0.7385316090207217,1,591.1071518368875
94.00501082335524,68.43100020898574,896.0634886300072,0.8870225905583834,0,737.0415996451086
62.580701831228524,113.55412929730782,786.6912423997317,0.926587724178369,0,915.0888460998956
59.17236790590067,87.97193264816657,316.66865817177455,0.6601758143197008,1,733.1190279746742
116.74899231467579,142.42803836790608,235.66974964848418,0.19739641063361602,1,662.9139712402018
115.55177383430522,126.4724219141758,384.6094391676116,0.08529657553990788,0,561.1364906723103
116.29097142100953,94.73840728041199,458.1555096432472,0.2320249538069996,1,608.4331473813863
51.97664453426917,124.95149775382704,321.2062088490311,0.9619571857850425,2,901.3122218889708
82.654684267178,147.54043238262216,999.0023938789809,0.9623452017507121,2,1054.0157424856432
69.7809847259197,96.09808247014706,306.68710261562296,0.38191888391834206,1,669.0897200274792
127.81514225440124,114.25258878885333,847.5713442845713,0.3257915410975506,1,752.764923861048
136.063040139613,141.8664615061295,243.20597238142548,0.5100105822590654,1,615.2166847369066
74.66803772261474,74.86746620361733,982.2201627483528,0.2916880914674007,0,854.8183371592272
116.78491588479864,138.65579136662785,302.97111245477635,0.9796624516555633,0,669.4876928202214
62.93628034582744,59.754470677298265,479.519699305233,0.2212213900245774,2,731.9869947152819
77.51525256017133,114.84481705876465,602.7076600911158,0.3691426821827686,0,682.136684274818
63.86544962334195,128.28381550557845,208.257143640484,0.4293708757001783,2,822.6484750726947
78.35207665992291,111.4606219252426,835.1380607311912,0.12506402308116216,0,777.2600374837837
117.47365473492779,99.55348041525431,347.21697941274687,0.38282482677012986,2,690.3332118285041
141.03269101852524,111.73470999256861,594.3429114414973,0.8567307201019734,2,825.1904532497811
70.2522407924186,65.16637087794446,594.6704296239222,0.14036100145675845,2,757.2510848077869
104.20790349507192,71.55707103302183,642.3765870932065,0.5840219508261872,2,712.0318446652295
120.13911012434323,76.9899343956342,149.93738787188323,0.4066371380600168,0,438.67371826932964
145.29224684855657,109.77793406300381,251.7568856484111,0.17053672611745474,1,510.3840812039858
111.00604828871738,94.19010737450705,245.0730186310278,0.012336164449205822,1,513.5069687447477
75.51069310273807,74.44758424858395,371.8461334742667,0.2733433034899002,1,629.9743415564211
112.54781569139362,138.280933214458,230.42274117250588,0.06182896069800192,0,583.7801857865483
82.04911616780161,87.39218402932234,929.7291886968607,0.3767684712967352,2,947.6794871674953
147.61283906917078,94.6031719229891,561.6590054601706,0.8102098556993457,0,577.7449643670768
89.96761351636368,90.97010765489946,661.217632932416,0.7196852608776124,2,773.9122545565343
118.54277207610141,68.19429552767527,421.7393578583087,0.9473837117017669,2,710.5065316831547
52.322758234675845,123.16270154302333,348.6215269305204,0.42701541733706916,0,725.778992024814
90.00614461347553,94.8458262268858,552.8594532089917,0.7078013985918528,2,834.8611558973905
137.51076133225115,51.625710989271845,364.89067735135023,0.6653417221020202,1,514.2599817592283
111.02274444332458,146.4013702359797,409.28133315678787,0.21704630315825957,0,560.8122569481857
94.39428863959763,131.57636115954136,507.4757868437714,0.3035825052326585,2,818.952238731998
143.5937499435726,122.35593540918033,555.16031846592,0.5298295333977603,0,644.868590617119
135.39843761472292,136.90918705185288,985.8826106036548,0.7966573190059218,0,880.4558554140419
82.22156738229383,140.68072536055502,300.99032934574643,0.4618127344629326,2,814.3038181546434
104.45484020413396,83.74897063844386,539.1785483943825,0.22774153617552728,2,606.7932207204817
98.98242560924626,111.09586784166986,234.56056554040504,0.9934656902803698,0,717.6826319740081
113.22025001148623,110.88078092055942,414.9993094371754,0.11557880635366846,0,596.2051290708721
83.41112669587557,76.7299668810597,745.5796468357638,0.9558889074913278,0,745.0797024691714
74.42050007658882,72.19522514470673,257.0159293845171,0.8090462884304888,0,591.5531329573259
141.2671835255536,61.39072548190221,623.2161767950388,0.8388935193078518,0,587.6894417134719
142.38744994985063,115.93141959164528,475.0309212112065,0.7949175830914994,1,698.3480724501499
134.3322885761979,128.091899103078,146.42158996402569,0.208170941304622,0,446.5646235716242
147.82044307645612,126.09529795170037,939.7677173306001,0.6325823773952418,0,803.5252853440132
124.49915257796886,81.62753771849744,472.24282626359775,0.7567498124509318,0,502.13831167973535
126.46672285619997,70.52598504652022,805.5338821760496,0.7456857921016514,2,730.0761692023625
126.25900919626407,95.3614178454622,474.68213985862025,0.2715653705440776,2,551.511422054874
98.06076309423065,104.68134602405107,943.6242894209062,0.18111938776368142,2,850.4070857931895
95.64521945142717,141.90871279685558,361.42330098600775,0.3281229839145492,1,807.5994070478255
74.02262761490032,137.4823154274054,471.00758471892715,0.4798444803773918,1,937.7357027582605
114.48191943592904,141.60583313018276,782.9778162333577,0.5737807470636765,1,873.3111497853448
78.93201361023345,135.02623851359795,409.3005837527712,0.8369503623191604,2,857.4849827272341
75.78084097023545,146.45812044363112,427.92136420166145,0.769034227704616,2,905.1471041255357
108.59613740960548,96.54999971690575,995.3408560728011,0.6761505256665161,2,955.4740132135302
90.99823882250432,54.747349743309435,600.0530731213167,0.2634892929427606,1,584.5378806453341
71.88566087946322,58.356203214847824,720.4424083031333,0.47888049893494333,2,806.3225575672977
131.6056016752831,89.02761417723431,679.1160107382489,0.33543587412796105,2,780.9232637070688
136.0569919294376,75.76870912729973,845.131732440915,0.23492817955053413,2,667.9431810395116
66.7699519677781,66.99405913610673,875.6425894975687,0.010245360383479452,1,773.9175311326363
50.75070327999999,145.32037745086484,606.9305192232787,0.3394619705706906,1,938.5207222072593
83.61299685293737,69.54195884106224,365.1004674697594,0.2561162677146215,1,638.8192624969745
129.75108356807527,145.9379272315231,120.52022281747251,0.5719023269668166,1,567.8707150087132
133.91738662343244,126.08388403212071,652.9629259578882,0.0623017702837122,1,682.0189803811403
63.832907011604924,114.09456721252235,842.9219499390576,0.2705195967102011,0,903.6699642243942
127.43359011830512,117.60189600893783,505.4858249604936,0.044769489988415345,2,773.4644062432902
61.570416730942945,83.14743236591241,248.23552644177786,0.641417904513436,1,703.2797002557805
89.00625901565292,114.64270380582822,359.2738656420768,0.5681895585686249,2,775.7049535472923
149.86095150119158,68.66921182812654,558.9900365606782,0.3374800230744732,0,561.4689354017985
69.25908232309098,143.77054325359796,853.0130970798999,0.1473346004355438,2,974.4157151640744
65.39635825776264,80.17933399605936,254.57783146157857,0.9579198327687352,2,718.6668748541919
92.28003325467935,75.51865122935422,650.9348881385628,0.5843924473886134,0,715.700242394218
111.96685259698614,121.11627981941575,778.0317525554909,0.6791133665720679,1,895.7056408199486
143.29007824132532,115.64487180661818,942.4427683013408,0.5313487532694519,2,861.6047497063872
148.08211455330343,95.12989183433052,205.03332251097348,0.806533247646205,2,564.7233886375595
56.96406365913946,113.24462346907863,933.7524707481017,0.8963800495481213,2,1023.3894651473612
63.79975173479053,65.94930717608561,641.3207816570315,0.3827105435976298,1,776.6784501282357
129.0737973895994,117.3328307401955,790.0314286890574,0.6900253122306106,0,809.4863856830135
77.06321522708605,77.06106951951938,148.39723861169992,0.22988748454639696,2,563.8715646501213
138.48490595063606,77.28359766764574,555.5333400765356,0.6518550471620385,2,653.3201269212407
116.34532572290868,66.21799349437846,660.3667066727144,0.39915562997655263,2,687.9818603073278
61.18448023806772,83.23771350361646,376.15045588555614,0.006781599401304961,0,594.4479066675542
133.2529284924007,83.12510603113282,488.4851872911274,0.9555278684226207,1,664.5221796135966
67.63563800080759,95.41790117022693,598.8683217516382,0.8684415455387189,0,838.6452872449095
92.34953946796537,69.04195046663494,597.2931457956819,0.2908365503460284,2,758.9959944797135
105.218492855933,69.30075361587663,137.67537286615428,0.9977573142328605,2,580.7718943990866
100.07661490802784,104.17385716632283,495.5335899210031,0.3171276745565341,0,566.5142983317625
118.61629156151504,62.887740467047514,292.4363393130078,0.45884418645907477,0,487.190646898076
115.26867348692552,118.88970079888351,925.0255702768148,0.8512590261744171,1,876.4438583843591
149.2042005528055,144.39471258625966,978.9219911110007,0.30459635132804086,1,907.9898593058081
149.94219092241877,92.67956216643782,369.6822067168622,0.45054028438750005,1,619.6468258716901
101.64594026356409,140.11053131506767,257.6668575259529,0.6655871671232555,1,817.6724556168878
59.5199086960864,59.83165911258644,297.5537358535088,0.13046755477242822,2,631.6915837321235
122.78432989687184,54.29576273756446,529.9770298176584,0.4223503686917177,2,655.4140072017276
147.66640782165894,122.136887751384,887.0550392018605,0.3094099373616265,2,841.8264604649644
81.83263876290204,126.10215729814965,550.0325934438756,0.676774305864818,1,884.0443223157691
96.12088858375738,134.30582409657512,149.85285554376787,0.1359693900603718,2,652.4931909523123
92.4776924815456,55.681767839998145,135.8970424418296,0.2327314791009374,2,608.4829384031518
55.14191545569294,127.69070549568305,304.6518510605637,0.7113762037524828,0,784.0055228928186
117.22644312234448,87.65387327965817,858.4941498484859,0.1562243697241148,2,790.3360471581592
85.33376950684678,80.33376326821985,659.3325017816296,0.4220192622398897,1,685.7833646191787
128.74638746315023,67.3023921343297,606.6620684076623,0.7128807220926188,1,679.3939962563634
133.21200752819863,149.6015755102527,387.07263332437793,0.7654683844300053,2,750.5638592144705
132.12307865978454,56.36635893188636,936.4828645415686,0.09488117867166845,2,733.5454365631094
91.66659980398802,132.70080146079994,398.0604204659192,0.8519956094194782,2,863.0112484031098
82.15456822408996,113.94944354905275,851.449971387652,0.7239723011299664,2,993.6535727825328
124.88207796670548,123.50804442618671,906.3131661782957,0.33929458869331375,1,815.7485652326393
130.1389433842723,121.17171199217964,535.001511894523,0.76380285233024,1,760.9985813009771
99.12574463913661,135.84344850731827,904.8603425326684,0.728298865340659,1,940.8562025983911
139.3031019536303,68.37920698561084,349.1229586519424,0.6008912265083856,2,496.3649294265607
64.39086960785582,50.08246168346854,692.5900835649483,0.5584811734058444,0,767.0433073857337
137.906877965896,109.8528489043266,179.16737367194764,0.7347034888995855,1,513.3906563205979
59.609523297188126,85.3858639323334,526.5407926831545,0.9992599017054545,2,842.6581203448814
65.3525522054614,62.37873311171377,295.5986219425131,0.5785522493158853,0,570.6739599780872
103.38400132739604,68.61387541042389,156.48695013754258,0.808717871762248,1,581.0281685477287
56.7518480187415,83.1749312459223,103.35295726985866,0.7442737173155829,0,628.4956971633843
55.28071014001104,57.023337088670324,392.27690479672754,0.8558084020338257,0,597.8000048488502
50.051874416570556,55.691320212845085,630.5775350830866,0.9545248613841384,1,841.1770138342381
93.63166596942631,141.60262548324442,509.7073128860416,0.1930832074608152,0,780.8346666004248
127.46238812922299,81.21027493536963,371.59236866754645,0.1654596363951163,0,454.87022641499414
53.48383502799157,148.2230697473585,992.0800276986259,0.5863518284149009,1,1092.4083394081938
115.22576064658554,146.43670083304,945.5725359817101,0.44929506288650445,1,962.5370268893448
132.31273174161865,64.25712823271138,213.08797615374718,0.5707226929191692,0,467.72297917917246
66.80008485778711,121.4924302896191,473.59668400164526,0.7980427344855086,1,914.2976842982691
64.68637348214043,110.08048891270693,683.9622405942497,0.9317144800492464,0,748.9937876487332
136.0800973620536,119.06470731051536,760.1417177769431,0.41741582519855813,1,826.9318819216562
132.31246099500947,59.61910000144748,429.73493941854133,0.7179326455436245,0,544.9123955482027
103.8941766264187,68.8560078634558,771.6536314618129,0.19679918784140937,0,780.9738668419849
131.91998792939802,57.66386614508815,211.73501161961048,0.5345519493545235,1,423.1321756883559
59.27560774244948,110.41342052170711,398.63136273193425,0.021804777780519924,2,704.5201575903429
89.44815179387544,148.65910758490912,744.7898581803146,0.503750567133097,1,915.4534554234884
123.77975561063728,117.19845376579414,663.1145112343376,0.5453364591254999,1,735.2696652910562
75.74519593239634,121.07615350219297,853.4891933754894,0.7354453357783313,1,998.2319436285187
125.23289144335527,148.45850415432812,142.17132040043958,0.6494847902069917,0,635.5876330637132
100.41786043908138,117.80115541717961,256.95254604074364,0.35839673430580155,0,589.5737206402014
125.0265987948233,54.01815726284703,143.64512404476983,0.005730900713121323,1,373.5942852966742
96.46796378573296,136.70056008565976,272.9028018242902,0.11548587362294893,1,690.401375138917
86.79043402218176,86.46782903787962,103.85452956964151,0.9730606535174523,1,628.9659376995729
71.91892164786323,50.436362151471535,553.7892715109797,0.9223331583153058,2,798.4952667348309
70.8379341435015,100.72341775608206,575.4829560114299,0.32509316308114533,1,846.4942777096961
125.1490810571396,143.70150008762636,692.1026032653954,0.2588529399238877,0,782.077154293812
61.89103480339605,75.73306871949832,446.4212024809391,0.4364162936900374,1,794.4076249908948
58.598235011094516,99.151317305284,102.8869216166656,0.6899400296120728,1,692.3685241047802
67.62913650221302,67.37768877823908,706.5020389668734,0.35682767265797366,0,635.3125835150012
67.53465114539219,55.76926716664401,148.86197897312132,0.06729384773115554,1,534.3147030851676
132.31076228068997,58.05449467131132,879.5533877359695,0.4027950924443964,2,692.0012808736999
89.85066234742123,122.70109059613554,120.38858893714362,0.2605889944814319,1,613.1557417197337
149.03884573604824,136.4074470742149,577.4276109309692,0.3249300112112118,1,630.4730109287705
63.72112577906124,64.3298839252491,905.4260941469687,0.16295724578730442,0,791.9079862904307
115.35398256936433,78.83185678104687,615.2406182099021,0.6588400694456474,0,595.9436290278387
94.87295072012506,69.50294676448273,647.575071889537,0.5266309332452249,0,613.7340426906022
89.2918176697074,52.685577692642795,713.4497635036652,0.2708631172953543,2,814.9500611027585
137.50841990540823,105.34313698869836,210.1679629574203,0.5538624813062414,2,537.3860009395999
147.55956458283998,119.99221701376476,707.4343907295035,0.49270784716723803,1,703.8306388458891
137.2858958774179,114.78774808850704,892.3193938115337,0.795974856566028,2,918.9577198178698
69.2300679035133,88.80535473022476,976.7987495517848,0.9559842693402016,1,1039.0873497310488
72.0797921208934,105.50102459399054,498.74679942251237,0.13067050897865595,1,789.6866150880351
115.60738790950633,59.40993066362247,410.05436650979215,0.8839134789079829,1,632.6513768932166
78.90835816381917,65.43037187226844,777.9786540366854,0.7047969382849021,0,813.5721008944058
123.47251307805799,143.17946195529834,588.5868592857831,0.6925535452979048,1,856.8079816404725
106.64206508096447,126.15077478198968,331.57418900952746,0.3743008971424723,2,742.6844354153701
105.09087684904028,142.27390958251675,254.94209647273266,0.343908195464921,1,582.0044450064671
132.85469248387858,141.66802844993674,253.2072705334693,0.005639484822516971,2,585.7383425581012
121.05327717426778,114.93926171077406,513.2593329455369,0.9822048746373078,0,736.5813332172431
52.65777649972917,142.8238648112165,253.11196505408512,0.6065058323730488,0,755.4536063790923
54.945913714601566,91.67041030824632,117.7470496103372,0.40232862392392543,0,698.1381634757607
110.15584524560157,50.36162447849409,146.87989747272098,0.5437688218921786,1,478.7625422814776
98.61920756222756,56.25711158461594,936.8960895576691,0.04052703409626246,2,791.7540959514473
76.01846553429914,60.94873257008152,165.66520704412216,0.17365095529166885,1,604.7197018359286
91.86560873148017,59.535345318286026,165.8626215228636,0.6233599249634025,1,551.2122134073604
125.79103187328606,85.17023908502634,506.0696009801792,0.51426172968362,1,636.4784703613386
132.66114846579302,120.12708071093576,320.5902541015293,0.7870748229276331,1,686.1876160020087
106.12230678900443,129.06488066004948,966.4244669552479,0.6587426904453371,2,910.6951737116708
88.53694808571029,109.02132743446246,919.8872555480237,0.6014356759793872,0,854.7639316077141
77.0696761495107,64.64361745569795,464.2689238041404,0.8152657043053134,0,725.4679936635223
102.19184707692534,124.79016021481752,503.85836747463327,0.06826310555190063,2,756.9646793938376
81.4749618564381,85.4801919137599,437.6022877680132,0.6908867964312853,1,809.6108476981054
106.40951370472229,51.299334867179624,134.0795049788154,0.7155907132890155,0,380.317562927039
117.66523825096377,78.05886205327494,363.5621553292378,0.275163549680011,2,522.1091479980134
56.60792109193948,83.06005541409779,210.4061226507857,0.19564963648739442,0,643.5927221529255
50.106746502274724,77.4245535218103,192.13329701361047,0.21385247545599917,0,650.2966418396941
71.22771388407429,131.18701531875854,604.7754156427491,0.19814086343199422,0,783.8531416087894
139.4511497718781,125.99263975940903,188.88837194220602,0.5237821909035946,0,527.1433902277306
114.62907632285592,119.55520304126415,192.63819141573725,0.13562631136582848,2,649.5855479081134
67.19603519370229,63.90050785122653,532.4623433374137,0.6592858614193504,2,771.8137893937816
139.02639618236188,130.7833909706282,498.05412861037485,0.10507825894876954,1,589.4300306262446
96.99559402873399,117.71759616633237,223.87130661913244,0.026889640310256202,2,660.4707111414222
97.60917566786607,69.48376864813919,104.0041223279767,0.3192902424458711,0,500.9685642999678
143.55419438426551,114.80939302815165,273.6769975910595,0.19185972373304105,1,458.2836911769457
55.948669218334004,98.3511641003681,312.30302876383666,0.9886620554100823,0,755.2085474546293
71.51782746287185,93.93500618562251,820.2235992479808,0.3029963006172174,2,901.5144267025782
108.57713251547224,61.21231634723888,923.8945154744935,0.22206408602551375,1,759.6480641276219
69.54865095820041,101.83042758451654,465.34995773917274,0.19676982349921457,2,795.4730877848032
117.95270092089578,59.993180897236364,464.52405385088,0.3738529048034903,1,543.25756154687
71.40922893367201,66.42533872542666,741.2331553838801,0.6058488953315778,1,885.6042982336056
59.91569705988144,63.25463142747627,664.2298141342201,0.7819452750462824,2,863.4200877912434
70.69851596408398,145.41082790700077,265.7261680240682,0.3645762477430684,2,807.1416907089109
92.27340342720623,78.48646904438901,196.92021006627522,0.6259709800427894,0,475.05584504423456
67.61382991730798,85.52043235960078,493.85070158954574,0.48205989827938744,2,779.9158429615842
63.46920249233473,82.20806062960361,608.3455268464867,0.8464953462533984,2,929.6056826660804
136.0281886218941,139.82504451781438,224.83684284292832,0.5690417771584352,0,574.6226146491108
82.03972035973078,106.29659113348885,363.9461440676001,0.28989167187910014,2,778.3785636933932
86.07586865182536,141.9159898933312,375.3486967875174,0.7035872571782559,0,783.610739212738
55.52704095012277,79.99249058278956,335.1683809217476,0.8200644880229958,1,875.2712543738431
85.73696235020542,61.4834674431949,514.685139662612,0.46544065676396507,0,594.9275718434818
76.48071773215797,105.62184527241746,687.7572258877647,0.9871972388823189,0,777.125037714813
111.04850673417886,84.55369917900175,558.4508952543931,0.8790968791913134,1,672.997180725175
70.53902976724066,130.19068334907485,281.3109060226098,0.19695466966549147,2,744.9064412864259
138.83654530628405,137.94234089116586,192.64514234265977,0.7867558721562373,2,614.3250079862223
142.96666209195553,97.25735109070717,839.6834166088303,0.6009512443497661,1,738.3329642506892
59.983105717679024,147.13590240855083,531.3742144460072,0.5348112978078347,2,1027.6779361120878
60.74029562885772,105.3013006344406,155.92526572048948,0.5139385865795684,0,730.9210291100641
61.532643811098794,77.09203933863125,332.3093496846022,0.853411142782429,2,828.8670958976218
111.9569256310312,98.89755153442745,823.6304005457393,0.6108727889034485,0,866.7622643165148
62.19689642096229,53.73102924029276,776.553692296195,0.5377059850537337,1,809.7234692619165
135.2382317930266,130.40011602630676,888.23496960764,0.048859906758049076,2,731.7441054383041
125.42715149378924,60.143505085442094,641.8790434015228,0.4483028697585574,0,625.8033433752911
131.9808858238024,80.8748488503005,480.6153409222495,0.9080415620455077,1,550.8731505518299
102.60605268860209,106.53165470049433,483.9714977990056,0.711736729344619,2,752.2901273554006
149.66772115191534,54.29751256468989,274.60004004364936,0.050953978056153426,2,451.79632273980894
54.417510294416125,57.931689918144826,685.7190653660937,0.8839922821510423,0,809.1949388504393
90.12649641861134,119.61163576130129,626.5618804835686,0.8266672213770541,1,848.9337899147341
82.39366689376362,57.17770930607688,239.3779702859523,0.546684211569528,0,487.2806028639557
144.8645498712641,97.70828662473765,897.0966280408373,0.02240546518228148,1,679.8458974108676
107.68609584975928,83.86956334207504,431.6213829795373,0.5624296180338006,1,700.4921370351205
130.61909654447254,72.80794079564164,144.76488896896163,0.0545890499264261,0,362.72334502808224
67.0341193658519,68.87788978636654,395.09282870180544,0.3203789596374804,2,691.6115744209065
147.86341439004389,126.34112937325794,882.8710432404182,0.6289096189027389,1,729.8525932693632
99.86395468763152,145.15421931502826,925.260927275606,0.9129130838821744,1,954.5288735125162
99.36720762706457,64.01797422033317,541.3585755336701,0.3577956372594787,0,618.8420000575782
147.08847285457378,145.9681219174127,960.7059460660762,0.8600237828834533,0,851.6514855020348
88.0732361217145,109.47625034751037,887.7176282907784,0.9183610104005163,1,907.7532964412833
89.7525024554993,114.16604053632571,842.7076453893028,0.021043880457314312,1,718.0525872686687
108.47527028049366,120.99263781425819,873.7390582139855,0.2394278377525315,0,802.1392214532375
62.8052610547787,120.4118890354581,443.68787095194114,0.7098622992274988,2,855.3171084185946
82.10856264118549,131.98111081856882,780.8220466799893,0.7568430430795484,1,980.8565983287664
69.32083224451306,98.34686513476974,619.6051027685344,0.3924168502170541,0,729.868602519949
60.32834791070496,103.33585875147011,747.715601566276,0.656754612772855,1,876.2996673733326
136.614460633102,82.38270024634159,260.00749682269714,0.6121586173620351,0,478.87296219502724
108.9331166127476,60.525759378311704,758.2545205974477,0.7397749616010599,0,808.6606144516444
85.86727915279113,116.46401909262191,961.8331907747546,0.7186584277451218,0,955.2991641411488
90.86693773667128,53.36099691862509,372.3969901432866,0.08587079799036135,0,516.3368573811332
93.15190036873545,77.56350510833683,987.5451915600644,0.15825018094006094,1,839.307973851046
113.31491821447094,59.422986444610025,440.538413324834,0.132727147259316,2,506.2339893246506
142.67693914889932,69.0727157322718,279.7511473189296,0.932480069842819,0,421.3320318509767
143.27796196569824,113.87309128973808,201.05760682021454,0.9135426483529893,0,401.2254963443598
89.14919795306633,112.84766302049181,806.4657219593599,0.79741226959697,0,944.6989683204629
82.92624595977696,92.10549129957121,599.3428603389116,0.11671856067595932,0,758.6197992973074
95.1046500185255,59.017197648949114,376.418164295826,0.5742714699195859,0,588.7691909264296
106.79342304284926,93.33739164594084,647.6053328143821,0.18723062608985142,0,656.9090441255964
96.18179114497482,85.27448718582934,398.89106905690426,0.3683839375588025,2,619.2780456241496
115.87534098167009,122.04591528559497,503.52198159561283,0.26709127663741294,1,677.3129438023152
105.43990233797636,107.90266081990518,876.3977131777821,0.8289309814874659,1,976.4555449418026
82.07155466940762,99.1565767336999,701.3498291732483,0.14445139951927322,2,842.6803595098761
84.57308057626327,98.69820823049952,786.1616557342447,0.6461791686100757,0,790.689829803841
87.8592787559731,146.62968872604188,625.1441963226187,0.9838946637761669,0,793.2495381828185
59.46397682493887,125.62942217034505,992.2582439970589,0.6870545832536334,1,1126.225239620221
66.60626324139731,99.69795604601279,317.2690596618034,0.0792334890069597,1,679.9886622904133
122.31138021453862,97.92226128889776,336.06204464693326,0.9078495019625249,0,509.20858297745764
88.909671152208,52.64791013049634,183.30304486449958,0.6430796776895962,1,517.6044032761228
71.45389725601436,144.25092633198068,598.6175518636394,0.4563109796052035,0,781.413484094521
106.26724105748573,81.91739717673296,652.0233127675311,0.6596924785411186,0,682.5672928823765
125.55395424734273,75.59390818807438,753.3654156089378,0.879044330472637,1,751.7143127206627
75.74223623453715,149.94089253876712,401.90133335433495,0.4771272279152493,2,853.297896793359
132.67898819237445,121.86896715045245,111.03112167852449,0.5313214828122292,2,629.1384707391736
142.75048596250497,54.7363773299288,669.006583379488,0.4524473992179535,2,634.0353684002067
109.73945290738408,56.18854770255764,998.8259432683444,0.07259142632366522,1,788.2064241625104
116.89476589915796,52.55015639601979,365.0944184109932,0.7870701269273584,0,506.72512453603537
55.257599032305535,109.9618899512869,265.54100722211774,0.12641174364183894,0,820.1624456968717
144.55198910219065,57.15645000619518,353.59026204371787,0.3945700102883103,1,434.3821940318753
89.24847342649437,143.33883568449306,482.8739272993425,0.38682284560772917,0,705.1468371057555
142.390040054543,143.6906540022678,325.8216360573082,0.28004079208673793,0,498.9955172334031
107.89775247502425,104.60540667480798,412.2640228307769,0.4025071258944184,0,600.5915775974805
50.46187988433276,111.66389313959507,674.3860647214264,0.6180091103824286,0,799.0597192955407
53.85419993234357,79.18944015252498,410.5251881583532,0.31138731220771176,1,753.6839279554257
118.04188056699219,56.39725424082733,456.4530503052892,0.17251193769827644,1,441.60516786841276
106.26680138319331,123.74604451918155,136.02813651933755,0.8693675105072666,0,617.0933719220452
52.653243720607435,60.178598874901745,926.1482514605827,0.9708326498571355,1,899.7775874625471
124.34599612223853,58.555764101839316,466.1973639233683,0.4585838238763206,2,593.6698509470472
135.2145337069182,81.12231092042238,395.3291644313149,0.3270197123445858,1,565.8184183783932
99.64174824393083,51.24656598378821,177.83577662084605,0.047482077778229326,0,526.281703505493
96.5757440357255,93.4035615756316,670.7648938556653,0.036851540610053135,0,611.9769224304545
50.54731088346275,120.76809100800767,877.4424552373795,0.39288199564540205,1,987.7491129449685
128.66497124935992,130.1348931421939,137.0378800471603,0.9302420183009658,0,535.9847460063941
83.07160667461054,110.43073037989213,230.74522062943194,0.7307085434015644,2,716.0486342977287
137.87636197825395,134.68742031139126,231.7508459975866,0.349269418870775,2,585.0229114800405
87.30605875580531,90.65022037671103,642.0473698130136,0.968046425182061,1,876.9907240268157
106.50779106307056,134.87720850604768,929.107452446532,0.4287579032557307,2,928.7452611886644
77.03417881993275,100.64733104983793,493.99153035895864,0.2767927439746457,2,907.1575486560121
66.05883125849186,72.30361279982952,409.4258033744656,0.4263532447243572,0,680.259808236186
127.4907903381328,144.4145646660466,789.2566170370221,0.21154322698383277,1,742.3437106958659
99.65904788462817,77.49708738371164,768.3121555800863,0.8856387702007957,1,797.1977853489823
103.64879237522507,52.62014841877931,322.08052534948865,0.3611733104176903,1,501.57091783618444
146.54159534817353,74.2674042955027,244.74372607709745,0.6579689644943214,1,521.9473518751093
146.35799122221536,86.66875612574277,422.02902917382073,0.38904719882716354,1,452.5656242126329
135.56421217024035,85.1349683289264,798.0430530039681,0.9017314179639625,2,734.8076822517404
68.76092927650336,102.46675094435716,725.5570509234805,0.6423807517156301,0,813.9911806002211
109.42726943015799,138.31268820359236,699.2683357205847,0.48825189028129945,1,862.876149183948
137.81474246555373,79.23382271096992,846.4857041468834,0.1321429691813385,0,671.8641912101699
87.44639364489377,102.07706079591688,349.4172811072543,0.9019166628522043,2,864.6758827888617
60.1106165935585,84.01389536884793,405.7153529225591,0.5468168682717709,0,735.0569438929147
131.09629022399218,132.17730593732006,138.1055055482584,0.2850529729614175,0,488.5772320065552
98.17635513621715,65.76015132884784,881.87119822318,0.8779268918167041,0,826.6648215632003
106.43926803591785,60.35102683100585,624.1867614299603,0.0544404273944078,1,560.3068651222454
148.21442963178444,100.29952532376018,368.310062695324,0.31407691732957166,1,434.3679624254079
110.7211430494072,117.18875857654919,162.47487830442898,0.5368284012021476,2,677.2544022494028
92.49793856661015,129.55252010907665,751.0685528462137,0.33981433604329303,1,805.31748274374
86.99843678471979,108.96248529053165,773.863767594155,0.47673425537885783,0,803.4314742563006
91.76192926540456,127.38497613190006,699.5607869035204,0.2643162523309839,1,832.4337103634995
61.83990831786687,89.27100585609239,283.4028738520566,0.13008309093289716,0,633.2949944653815
129.47505584175718,53.2867670266469,921.8944526577444,0.03685413861685172,1,696.2036730340568
133.7716858187041,61.60993079015565,777.8422171187887,0.1576465649121419,2,709.2347840711395
78.43971345734089,53.87226012289962,691.9806912255733,0.9529465140248118,0,767.1676115481797
80.3796618409944,82.89436504764927,685.8495310796088,0.5754031333367384,2,835.2556503380839
137.4334256334813,99.54913412686824,913.921930082477,0.4889601252779515,0,719.5408723406968
52.39703555279554,85.63174836569394,935.4764197874114,0.38432383930570857,2,966.8696449847932
102.04574437672277,106.05994750663922,636.0736762092159,0.7084201459833853,2,833.6083026610669
96.3675714681501,98.06091484927876,475.00246986629355,0.14125947590609333,2,849.7013907992811
119.01267695784597,117.79428018639403,427.3605816034746,0.27612986765266345,2,706.319284664607
66.33917001494545,116.69621635634061,837.1709569726503,0.6559021196637528,2,1038.4356045560048
116.83307407951537,81.80641471086795,680.1448058509002,0.47906436458522794,0,615.4332346272981
87.67340078748765,84.62144553610915,169.53942722828828,0.7700925389590887,0,635.8886750227622
111.8714778169642,108.51478216413034,227.96741171352448,0.8971098439566533,1,691.1033098607273
54.00950098727759,109.64324678908417,910.1673055943618,0.8233725913706561,1,1068.0649874074172
96.17271971845094,81.46999136371332,896.0483332940508,0.18420771426073201,1,802.6805898604354
102.2250893982372,83.03178857754253,956.649203827722,0.09147023552697853,2,891.4076503352621
71.43264028549866,119.4045013186147,485.06587059549133,0.1694406005450485,0,790.0366882653242
63.96236541791207,114.74108228760696,805.6548168766365,0.7835306916002306,2,1036.7858494392276
68.84743030123013,63.50508046797747,845.4025245828894,0.9138310894927105,1,892.0105654824046
84.41410780633481,94.10418796753935,384.12721525437377,0.9254488677038575,0,748.5792077949656
59.68101493049714,139.27060787105904,230.803940104428,0.29821578937044557,2,772.8455652746795
144.73197957296043,53.63056761044752,997.3237254752556,0.8403413780135583,0,648.7113280136045
90.49940614958173,135.51639464842137,127.19728337621491,0.5362355350220966,1,673.8832912332858
130.8969602506749,66.31781570641436,637.6023268402987,0.8227918483482073,2,626.9576504188408
147.44171231088467,100.7248632461716,685.191046763538,0.548364842380001,2,759.7008841969068
58.07352800027391,92.43364289230115,713.6104077726835,0.14589321977911818,0,740.3218719260996
115.1669467934994,51.01293373414588,330.06496957218076,0.07921955107309742,0,405.3604481416611
137.1409086741214,141.5396937089632,749.4213198689657,0.9572191492093396,0,778.4189570661005
113.42344339667284,95.49252273343056,294.759606953139,0.42580255643157894,0,544.5544427124084
92.90261213574126,145.4268276760615,846.1344301765142,0.3505206448973178,2,950.5386236058633
93.10763576379384,78.67439009792179,297.2050066761711,0.3563030847683104,2,652.2543829141143
53.58988860073589,136.62757734159726,727.0354261684697,0.378934411475472,1,958.9080646295356
103.46007512892753,142.23895739956305,805.0721372505783,0.9449968278943381,1,920.2032550005614
149.35429967868475,105.68324163707805,270.05117541596985,0.06270458740317586,0,380.2268247520609
145.87075259719342,70.26777878677174,314.1878388693425,0.11906128738229915,0,440.13191463113145
54.03992288421632,118.524743210572,801.1933648609302,0.7896515154818492,0,848.200305014301
120.57970036294881,104.89780665294602,177.39907447145757,0.5494094913401387,2,605.0998581432834
80.17648666969308,144.45296658526257,271.68485721999775,0.128536757960952,0,646.6432605673426
140.2989153406137,93.92720618104919,509.97781557092367,0.03446013677833637,0,521.8887089739023
54.51147457092785,76.8513647639822,937.1637358702935,0.2242343482792274,2,884.2545596700079
143.58741020110807,63.82870014941071,605.6900514037094,0.2608107377102711,1,524.2226742205197
133.7475743787777,119.86335686866795,448.91006338740294,0.014213029574641989,1,585.0912054517183
61.750438225260154,147.41096189805822,980.5332000002289,0.21609053833719338,0,1033.5848009724207
55.98243373172992,52.83437705713985,517.3401755991597,0.7383189369523997,0,741.422376607292
133.4707664326936,124.04453547781267,490.3614763187338,0.8554336896370037,1,654.707396702883
65.57576709745794,142.69303625596666,470.47988519895114,0.8982358297697178,1,890.9904709730612
103.48981529758706,57.478153422734934,380.9620653461166,0.3899140326435434,1,619.1651123383558
141.57448578787097,61.01700451061332,393.1253287638259,0.31941372590355765,0,371.7791625290391
106.74481135493232,119.19570984497086,719.0533539365482,0.9998608482078876,0,815.4100115777367
89.72333014728241,114.79633758957884,136.752037607693,0.7693404509215888,0,622.0531269400052
94.50160548539921,56.88274153162457,713.635053081687,0.5373520809075544,1,711.1002863348849
56.311717070387104,133.44227521511564,281.0840483132855,0.2547714326893966,0,863.1563806835636
146.87523213615987,102.34238478448924,445.7872028840436,0.3213054528851047,0,490.97381465493135
81.06541850810828,140.71973733366127,231.8850753042988,0.5153643488293872,1,766.1237371147406
68.93634916728539,137.79908809927042,597.4759396652228,0.5420829197907506,1,861.5489589072272
78.60473018403952,131.25077690501658,756.4154004569257,0.01367864427367782,0,832.5138000416666
146.43731948914788,101.58988962444212,419.1900184507282,0.9594000852714745,2,722.1523991340547
59.4286053488007,75.17106417494323,247.07491978623665,0.5756062473515635,1,662.8871719129615
136.73030405011815,100.59755039111326,303.855023738058,0.5891582444091333,1,563.5629874551981
120.78438944014478,60.08113778017801,836.3016266730153,0.2114711337538192,1,629.5031912954283
133.00191791590282,115.88461484734262,340.8838615538672,0.7649871788012479,0,529.9751343329684
147.58975403678963,63.397721922900764,797.2323337101044,0.7372645200918427,1,714.4843452038153
134.2154655516872,101.11729625007231,398.07946612559,0.09515797340476406,1,519.519192029258
144.33823512778528,55.438197416681774,269.8592989086663,0.5949943722599202,0,284.1126303943841
62.69352567909198,79.95124902746458,754.5777036646879,0.6581937453298798,1,968.5316875986139
129.578856516697,73.20804606697878,521.690526527686,0.8355681745738773,0,550.5824407092445
104.56756940810477,112.00315427116705,128.14952614732576,0.20609117891771067,1,547.4513776021265
104.34955950798607,128.67867120225088,963.9481774099587,0.8776347968064059,0,995.4910723790564
139.89215763205135,55.730295454052616,232.97810056489666,0.46148107170759567,0,380.41709683040966
147.18038186467112,135.02836851553843,418.0662788077822,0.09652361930564479,1,574.8393104555994
120.4838323043181,136.07676949546044,446.3151714961366,0.10562122151087594,1,601.2048087084598
98.29383894717839,84.22690742880228,540.4869093325719,0.19780445367316957,2,637.0391037297004
95.64038579018452,115.90040659703222,806.8996201007536,0.2827507059853085,1,827.545405922891
88.63414572231818,90.26130317034495,105.48125170761409,0.49640580445979965,0,555.5126047374112
86.15990295726627,65.41908821896315,939.2248462024672,0.7487511977445599,1,886.2097117117173
89.15068416844315,102.86624185631104,681.39051418271,0.1867259020194323,2,799.1132591030715
58.97532352511953,58.63596745015967,955.5839912340421,0.9926517944995366,0,912.6919348366947
57.74360852604382,137.84721553959878,835.6505836748372,0.1615219317703126,2,923.7658029884004
127.98698438723117,142.42897594096087,935.0543962748952,0.5993779677221475,1,908.6074415832966
94.60728929202261,132.16131370114036,640.9004958421102,0.9289404358713399,0,845.2304595197977
143.06844885446205,106.25281207559786,421.5780845894573,0.8325074228768271,2,779.7202046605933
111.22210085939525,105.7598591125455,498.62265680224334,0.6478892016631599,0,664.9511106559104
53.517598218441975,148.46073766009297,692.2290793457016,0.7154929967908985,1,964.441202020662
65.75233413174794,74.79016898311829,484.23867378970266,0.1342056267053643,0,653.2935231668419
70.58197930130075,57.59483659052075,758.5055051210103,0.00966305376024823,1,727.462260852477
147.57360243896608,106.19409236011778,182.6632144720266,0.43414878436037274,0,459.9807327777707
71.87042261516349,82.87855978101032,846.9879840863998,0.08951892633830305,0,778.0380197450055
101.57556762880513,82.23387728080442,283.76977567780375,0.35775256191282434,1,523.3344538975732
143.6176931640196,50.708535416994806,949.5528485722504,0.22374279356973759,2,609.6365986594967
147.71927299143573,109.6239409547933,239.99121994354113,0.9163467223807427,0,535.128855037618
73.63604353835446,76.40337022756141,216.24777649215804,0.8800559990080575,1,753.8851262704086
54.91176437500401,68.7858548192681,830.6884995286536,0.8189428485310084,2,979.5166385985084
65.36018325377584,54.04319313930037,836.831644932713,0.7139442984139875,0,853.1065487484393
56.33284787025581,86.43615764756113,764.8834778931225,0.154071929104027,1,901.5912705552267
69.51242410923363,137.89688723864572,964.4774175142342,0.048367426199151575,2,1031.1441163200918
106.85697147037354,83.66708075973723,343.4856658168744,0.6538878578546925,2,641.4202682769919
141.2448796295642,117.90742101195937,843.9838650912588,0.6422581371750993,0,741.3518922428472
103.721888369434,125.65469634019072,416.8364770390788,0.36942428475448097,2,817.4510580029976
112.59895566990807,82.81008091901995,583.6587630124066,0.4726866664355971,2,755.0582509860753
70.18672516095411,132.16407350120414,501.04002673119584,0.48914938823798937,1,883.9027224856923
130.05836206738502,119.1879659666949,105.2650204062465,0.23992813274650637,1,481.899254558764
111.77889085055833,105.92422287009515,617.0159741852419,0.3141666119075859,2,754.7542704462462
136.4136829192725,50.09924640506289,772.7552989875577,0.4183895546635016,2,663.879171891179
144.8843107005784,53.50907659228081,257.0971452177441,0.6031790299115898,2,493.90414540342084
84.79007757565923,149.08658441060635,938.4902757037337,0.9558192060173925,2,1157.9484750189552
59.057905853543936,128.22839235035593,577.3595854766534,0.53848460951904,1,782.5016632389859
72.59289579167825,143.7565258772947,260.42140283598417,0.7311639095432015,0,757.6935824668053
93.78415656758372,140.23032049180276,681.3528138251968,0.8070011023955532,0,849.2929838078283
144.5693651824473,52.04429831427508,272.7304376638096,0.11350812130855359,2,372.7578946767293
87.83098223734152,129.18472897910738,157.18001346580277,0.6531246675539409,1,729.9313822179167
127.077321366537,95.11457440111546,716.7837181773181,0.4821107202544245,0,626.0155087010113
104.04766921707551,128.95582040006556,199.62539497494504,0.5724309422478921,0,592.7102725207491
68.28087704309766,50.67157841633851,195.59570353879178,0.03841693576904459,0,586.0142724602298
82.07341189534516,78.81993012005643,765.949206863632,0.9062157365473852,1,914.0191377426489
115.31918850228186,125.13237757913022,149.68200988726403,0.9527841495754501,1,682.3874567535819
117.28533946848934,129.30207886015899,828.7922611431592,0.003481923684611754,1,799.0643622515422
93.47597468090461,111.9714601214624,816.5338827830449,0.21279159204151088,2,870.9465404131506
72.86456026621147,80.12561894462638,227.2540852699894,0.18019417370894997,1,713.1958073928741
122.19067795126763,81.0362591287863,566.542582549272,0.7813045172798514,2,772.5433990914855
66.88730416127147,146.67639636420327,186.96294187204813,0.5980800591118203,2,796.52839410276
143.66696918651266,93.92121792342044,669.3140978073884,0.17733366329673173,0,495.42562921318614
68.79035790364767,94.7125550243837,156.6370116734919,0.8139709553188604,0,679.3480731082204
60.731236283252045,105.23327502406994,950.0327706904725,0.35347487180574844,2,1009.7268021996287
99.76477023653788,90.95023368643888,286.95766183262344,0.46085687629310235,1,548.5895934935274
101.9549598109694,105.26715645974141,714.6051903537806,0.3873066053206454,2,852.6113996479908
100.81929147782448,93.23354227675578,215.46228193939905,0.5213802064412295,1,590.2982128397604
93.66674893388395,132.67149196021867,288.63680349409884,0.48014246882872536,0,689.815036952439
149.48148928296084,140.9051019798284,505.85468399503355,0.27458400266244265,2,712.0116908030893
98.62806126705819,143.21102598153618,615.7865272073645,0.4245560374938403,2,847.2685015437662
97.7946580739831,106.42962058293865,998.9769163525146,0.9083371498543001,1,987.3712887914382
92.17660627145614,94.21485574644953,123.33360528184973,0.5028941364792451,1,567.7640287593806
56.68257547014629,120.52400587918379,100.28297767967827,0.9163864104223756,0,698.658089686689
109.2956631149616,133.83235912959066,415.3303852434532,0.5501270478179646,2,752.4263988881546
72.79677722231824,106.29822420663771,429.5407310221779,0.7688172932641588,1,858.4909129559271
113.760898022905,119.99810218222613,895.4535124887684,0.2935913096597129,2,866.205405998261
55.083346194847714,124.9729350721248,921.3242929275717,0.7904134900444079,0,1073.178198000897
148.13871012530018,117.63937767172867,892.472478723387,0.2643216129849856,2,874.6623091165878
96.90050790126722,124.61335557293096,228.860875437443,0.019549971642973007,2,627.564116435647
139.67553715906985,70.86453325559984,470.8943516629661,0.16072894317769304,2,416.41804749091966
97.55611732329348,99.83745470217974,771.2966460655209,0.021652875032036834,1,810.5947734460301
56.033081857422175,108.82685546050871,381.34996100581725,0.9470626418914286,2,885.8270436963608
132.22135460938068,50.247793085702305,696.9142256594961,0.9999770204176942,1,630.5005418051599
114.81837296671344,135.59625088136818,313.42857687198284,0.7622302636195206,2,728.7590474015672
128.1757047573945,111.00245084449121,391.07733216472724,0.10812816375158762,2,608.4769044661415
92.81698635088733,62.91363316982033,874.3866844136355,0.8989454603326495,2,959.9705231478357
113.79367442466449,131.6357072575827,325.4581324800956,0.7437761832661044,2,763.6191373278294
135.62290037966073,121.70569664405446,967.8916781963767,0.3322445154020879,0,822.8243637325354
113.10654428718874,125.8299543463637,375.63360484316223,0.5022779118089321,2,760.1836741815862
84.76736348359033,89.20424618618563,121.17529884094962,0.6617593412619689,2,655.0101737744028
116.25295943661999,135.4202506694992,329.4108134223134,0.024050475673271232,1,601.786034231688
117.18541886140673,91.40275821323623,254.08444801908317,0.5015409120998952,1,598.756321426455
146.0586962506625,107.05091529455913,556.1442695957948,0.7323954332549851,2,751.104134719312
87.09123215416692,50.06423036998737,201.44445969507402,0.18822537189633282,1,565.3197740864392
92.50817675141312,114.48731146778623,663.4439895208687,0.44379057347933304,1,797.1900583445193
131.21229611870592,121.81757921279367,887.4091635008451,0.5325301291849333,2,874.4980178339752
100.57623147427412,106.71093654887923,426.2669936233621,0.7355653719592322,2,807.3024199683482
123.6573093115733,99.6558817043616,251.643447374864,0.9644537107931075,0,554.8487143684498
95.9709464453592,130.99364737117082,460.02249620597166,0.8482755480042915,2,801.9151368971762
71.54951418127004,118.13727171652418,807.3701393055643,0.6215184202299502,0,850.6215094860039
124.52038427810108,77.8074039720023,632.338906671636,0.5836406748348093,0,608.0560926422017
63.115516918470995,145.90733380799858,191.0288919948428,0.6031866930726707,2,877.1972808861507
69.8583663531308,120.72671941953408,583.46843889433,0.5451786426597738,0,875.2464445831278
112.68249827842087,148.79389289124248,521.2768433100339,0.059362880258923556,0,607.8908418610358
124.72698001920698,147.12613162688683,394.4010304190453,0.698296394588205,0,644.9782641811302
139.4687886867815,141.890972281009,199.14453644799096,0.716336800129603,1,594.4996573080491
77.25864974158917,125.53715412253077,983.0007420582474,0.5124803622670274,0,978.1040078743446
61.07242586005543,110.94293684969674,258.43898790393007,0.870387605402543,0,715.5108533245713
145.6046659522629,67.21706636829242,273.4686017116709,0.6724368027566785,1,461.89886476478176
65.44230880221424,104.33514174237577,231.02442289201227,0.36266465785701696,0,577.9761612282758
69.76669822546395,126.53765223943273,613.1737348290443,0.01969435359863425,0,794.4955238879835
79.13294535584657,102.08571587055678,499.30261703443034,0.059161646497680076,2,759.7072849893303
102.93913540262875,136.82391284056578,324.60146382390036,0.3517982616417863,1,662.059256592846
138.28255660340778,60.96558991916983,486.48104471937535,0.46210532519868286,0,476.7770137975047
126.0546022729867,88.09403480486341,706.1696659555461,0.16687111950842504,0,666.9664494883026
120.81575538426351,100.59644185936573,353.53047834876713,0.1893283064226321,2,575.2449256629917
67.51805678560036,93.2325295869108,923.7211984273423,0.2302113587793363,0,807.868212240349
85.76826315259743,60.85865478215531,375.7116134599352,0.7805133395762727,0,682.8982085597971
97.8404926086678,65.35282940446305,278.36112774056795,0.7712878409517714,1,616.8035384307182
64.74259534855858,133.7617292855487,959.111062185533,0.3829389854137788,2,1094.043879192777
77.34297021266725,98.43842592014511,829.5045491063614,0.17236438158439582,1,864.9296546022314
80.83332039528443,54.872242675272766,408.823862359119,0.11090838506346923,2,651.3173662458904
62.727619832903926,51.64912589776499,857.2886660294884,0.08712931204717322,1,779.240971632271
105.02396919082577,97.34754019943266,566.93282423842,0.3912792508993721,0,699.6235490974769
120.50281965241929,66.43787259244436,412.0772484349565,0.0455424333211194,2,626.1400788766786
56.99316314768612,120.51259459992218,855.650430585293,0.333635037126335,2,1068.1630349214622
98.11231017631498,129.53234625277514,776.9485601779963,0.9615332425411374,2,915.9198512990588
128.2211195267795,72.82967084571055,368.0873583787952,0.5075046156100387,0,565.5172889033297
124.79901289524469,109.21769448817807,646.0106637321765,0.822644656835189,1,741.518646257211
131.5073096218754,65.4444643485386,432.4512011678175,0.12926594589539908,1,468.15011881162326
94.8240633170607,80.3582651594387,100.94677530434933,0.26807878240970484,0,466.61915940160105
132.05570826398608,138.8795494181433,965.6341672602514,0.9465464445440088,2,1012.9578719414984
74.07530712142695,104.40980914823109,594.666168465553,0.3835518969340236,0,783.9319844596781
86.08105614175153,138.58886951442003,638.5893414992048,0.6484061284483223,0,822.8030091173842
67.63555764178014,72.5247804179507,639.9022831095655,0.9761267791625894,2,944.4400165796183
96.74845394285718,83.00243432486661,595.5773147374625,0.5507877563307355,1,739.0728668833889
89.20600224154433,97.09521384568171,361.0430602962341,0.3053459492287359,2,686.1143910525278
74.09271164143122,98.00800751945428,974.4185124172506,0.5319484559520623,1,910.6611643438002
125.17807092307815,149.76479671837004,659.5015712637564,0.05463719933085931,2,814.5252128684696
81.38467721116466,61.44453189711301,703.8292244985653,0.11236987409269117,0,662.8371910617324
77.28043301458356,135.19650356015907,509.31348158534485,0.0071711050522699216,2,760.4976173622888
63.08903308504951,136.36820394218702,359.0752604417043,0.8842100415650043,0,861.879805179185
93.88217018019486,105.31986315377873,157.91408395743642,0.6712804288995956,0,566.6801576481477
80.2964628837302,84.40371682591538,415.20717691109763,0.2983297651327481,1,761.913599211576
86.92728413409685,101.92261042882961,258.48768634155294,0.2211614192073046,1,563.0030497033357
73.59972626205527,79.24677048065638,695.8794414313106,0.6830766011577799,0,775.1364380304351
126.31554898199005,129.91074484399394,891.1034963224474,0.9195320647852825,2,905.281655529343
143.00033473547174,99.82791587103301,372.4793724210871,0.2991390910521107,0,439.6827569839469
99.79318527888876,142.58421788774507,399.5943628726419,0.3215591093867818,2,761.2742132946389
114.29984233408325,112.26913443560437,703.3280534461105,0.8542407251937729,0,853.5369223301203
136.7172276606706,101.43193331146833,234.34429081711272,0.8933758158837523,0,537.1785190049815
149.88296373336584,121.10693539776523,936.4936840099292,0.9140365668297785,0,741.15684986574
111.35164847298321,100.39329644302343,427.4621029229348,0.2931542080066948,1,545.6876328819444
138.97794665398686,140.45063504194474,191.0795013340972,0.1203125675963489,1,450.6134827016449
140.86082465556422,68.44459608868414,257.21560442857736,0.43999757199854206,0,387.0502243046113
129.1451487807622,147.33486837459057,939.4714684067122,0.29576486514118105,1,824.9622896747155
96.09313910731102,131.2190551851192,322.407359532118,0.8838666668118358,2,803.6654921068742
58.11540004238993,136.07333618648696,696.0419234481577,0.036634941803544874,0,734.0451812311898
51.580555544013386,98.29078323710712,240.5487011844386,0.6338804696362723,0,703.6456429853388
97.72006332829247,133.72015493375974,274.69152311389996,0.9061813657481139,1,802.6664062970304
99.43145335346178,80.67740835772051,891.3143970099798,0.976670366806066,2,1006.943246998673
90.73623878629724,126.19481785641752,233.22989809230563,0.6501305992980432,0,565.2339040280236
106.81673512913645,64.04501583890226,116.87552806265124,0.9499229570223799,0,463.0667423898387
105.21627033044271,80.70519159625087,551.1098705736487,0.07565946262506729,0,541.4845662142031
133.6613041032693,94.57326633597327,876.4541319366411,0.35927834599623976,1,743.2370382202345
60.86571032622624,82.23197181434219,393.39194087406224,0.008714697326733689,0,573.5975930415575
72.51776661055455,88.70171156241835,215.34604358113944,0.9811837721908184,1,805.5949946385978
129.30049789596302,132.01047447836982,984.007746609074,0.9027264787666992,1,919.2736216706248
134.78368672236547,75.66758921421676,709.064766540472,0.028052556248201355,0,544.6241043536652
149.48242136208677,124.52811721545723,865.6215687533407,0.018132650459765975,2,835.2237113905861
137.2912016387084,57.37120691116519,776.9244450960314,0.36696949410636615,2,675.1976822155339
138.98990070723312,126.57391075150608,728.4180465902712,0.2585379667909018,2,786.3443302310656
81.43479426299048,129.20232428297732,446.10766041782824,0.8469322772425022,2,849.2068388026207
90.16616340093763,90.1698775502482,391.9059938832754,0.1604844032718623,0,524.7904940871533
76.80851048205511,122.24778231674705,745.2627363050267,0.7906494627008573,2,953.2265436206576
110.62993981927156,141.51384037450993,745.0417073595072,0.5544596999906632,0,914.7986166478873
143.88053542070384,130.07129735545269,955.5295456441839,0.3773917714049878,0,785.800397646466
84.46408865116177,89.04465103969599,611.7938360634901,0.14571976173337875,1,744.4611061293278
105.70017818814503,98.42135142800645,365.15899520890616,0.997691305959671,2,711.6179226290667
79.6299630453485,127.93575447858055,540.5759193974297,0.6179861209215367,1,890.1318967969509
66.97999737727075,79.25945898491236,652.3424350533272,0.43938223256799425,1,738.3780891907995
69.51855298186557,130.38827403088735,484.05681961922124,0.37112755655273166,1,746.5048819698695
55.79453445381299,82.80711425609411,812.0198110235934,0.9057282306308553,1,924.5164349163149
144.92935230092576,130.59905823855382,626.1518909942539,0.821191808190761,1,838.175648506035
90.28796085076296,58.68004433507234,108.49215486488549,0.8111857883682237,1,660.1134381027501
133.4120892002108,54.439729691059014,612.8558994088077,0.6161984729623928,1,580.3428255794217
118.13294726896912,149.76754473698225,670.2434073476749,0.8879565826958018,1,831.6792439394284
69.19211614110854,136.9457123234689,923.7351263896636,0.2992783721220704,0,850.7245886925143
67.54622465790878,138.2847503466204,472.3495062977697,0.7037061351632893,0,833.7155886789631
131.1988201510545,145.12799476066175,617.0208933442225,0.4044477423918925,0,705.8250195484659
76.47117106195374,93.8316309414488,527.4977056429366,0.5999988085596921,1,823.8208747517599
141.32851837019757,78.68355546801521,578.4907856219968,0.9981530006126929,0,656.0946146244137
64.00554046894906,63.0024995017903,160.57366360209681,0.9845247806753183,0,617.8633079893903
117.77086144544695,100.12091335384645,907.5553007797913,0.5126190164674482,2,892.7505214103062
131.44738760309338,72.00483204766078,919.371105848463,0.5738634521648246,0,656.6017865924703
73.5256388415645,143.55508567393196,593.2536488583694,0.897321769137301,2,1016.7545731741059
77.62073634565661,50.40031624427791,600.899964148851,0.985635712513855,0,699.8983974200913
146.45188861392018,64.31967377431215,151.8004323495591,0.7786078026260798,2,519.1817046947835
76.45976053461582,74.64758530834268,638.1554618077811,0.0651844579586307,0,693.3178650705046
92.99570499000478,69.8956711593195,486.23661089124624,0.32263973434386395,1,655.6627088297163
93.25155932423661,72.57784365797103,738.1392672109936,0.8965623399203079,2,903.1744304960087
75.30347499296835,115.60476050611784,142.41242493601516,0.7683525058504805,0,583.3565772902199
127.57910864370905,82.75120783131493,739.7989144565408,0.7422330710244271,1,674.7561801587677
127.18493432291552,111.50243819033733,358.2044414490825,0.6679232304681411,2,674.7614114210224
87.83180142237856,139.02579336462912,686.5347974077972,0.4152638496323835,0,748.6225961653349
133.51257910807337,110.25567655257021,664.4133777809107,0.4032413203447017,0,625.2691849613907
71.30749343990024,119.45327912863814,304.1573361690093,0.808932487590801,2,821.5426202479698
50.430577566767866,86.55032982213572,496.4071106946401,0.2937802917650709,0,804.1944628511918
107.11673620557411,65.97384676227091,852.0699331479921,0.6848318727009735,2,838.4920700986395
149.40777724523787,82.0584062449906,645.0324792352965,0.7262085234239566,2,738.5635574743109
53.86443098268846,146.4282648704108,161.8644717805703,0.8445559893615288,2,901.9928190970872
70.79980737084605,112.1811384453137,498.6179481887467,0.3198855907070157,2,811.0457199637494
101.89146424870842,77.75111194340153,380.5943129001253,0.7418892668382021,2,714.1439027993054
130.99407364448706,95.09152671621038,677.4811110204695,0.10648989757868688,1,680.0480572411764
58.90420050750532,133.55130374309942,653.1075471657348,0.13806172895190472,2,997.9569607731806
89.52346537588943,116.84435707057736,109.35829135912648,0.41733604017340153,1,618.2514029370965
124.70758006298863,106.06528407291682,646.9259584766166,0.05522577635524728,1,579.8242076105769
87.15432084063616,138.5162876633841,761.3646885864431,0.9476983214653384,0,825.7548424025016
68.8836420475639,117.24395722167903,791.8570291614179,0.9018958105093605,2,1007.8868448418878
69.54958273965873,114.27297307910955,153.07819335096505,0.048933695525843146,1,524.3717307717907
91.00487869149943,68.97681372107681,373.2925753988821,0.8383117218922788,2,817.6510992727135
97.94170748058912,60.63886830124078,479.14620449637147,0.5088741740900253,1,672.9084282752802
136.1814417816014,146.5142117057399,261.7945370154206,0.7019628883735499,0,567.3522607016894
114.22524185679936,109.88583701003526,478.66048404850886,0.8869311692981873,1,680.7119320083858
119.04019545155015,91.5683409146429,164.0165822430331,0.5769744870776986,2,645.2712220506728
148.2987171535907,108.90208209102175,201.89555470634645,0.11632710028462945,1,404.2177932786889
91.18434403009738,56.18119610717154,701.8252865590775,0.0025786104865862525,2,668.2022382916801
90.33544032491284,132.2127273904107,336.31521504413945,0.49692153225144653,0,651.187920624745
142.33469677258122,71.66455355643359,740.2652627316153,0.9492321321243601,2,751.8645230098323
74.58755870050587,130.4546006317947,143.2976752150012,0.5726218716131959,2,798.2580672621696
122.98152463028667,103.43784432636106,606.4327477391525,0.3729391380882292,2,795.3720781618073
125.45731382181347,77.65720136569027,452.30379722815627,0.030922017080913355,0,540.4052139306082
59.77879974454431,53.020994824207044,817.2742527239187,0.9149794172782003,1,891.8729953107045
96.8231405693584,131.58333553266056,805.5564221850057,0.3271566608580422,0,867.0217982909267
70.0562471321554,67.64601414693067,438.00367821175735,0.7047774013150961,1,700.9468024671953
68.53752728024857,55.180511563987345,660.4426126789429,0.6942372021114649,2,751.4011805824632
96.38281104628763,125.58777308258809,304.7939819375393,0.2538831613687479,1,638.6882833898026
78.9429707508065,85.00432223729788,622.3661525623781,0.06377750646072533,2,740.818781608425
129.6060447625871,88.933400559165,173.1382245527702,0.38500037867184356,2,511.2640795441613
140.76048913904825,74.70675872807189,491.1438557067491,0.3171310138371999,2,544.5582775586404
130.27206052883656,135.9178478696897,264.45491338429827,0.7002563988723258,2,672.506483513548
76.60308726216653,79.7329526106532,895.0430638823705,0.8197824956598391,1,944.6514290864486
77.41343936886084,71.0192569751024,500.4107361701486,0.22244541739167467,2,821.9011270127138
75.47283501174674,80.92497263361561,631.6963737737814,0.5282310697764423,0,655.1969986921865
63.50380960562361,70.3149575167397,424.3436742970094,0.04060834738816166,2,656.8139558615679
144.3798368103711,81.76552208052075,359.8669317158226,0.2142558229334619,1,448.3201596351546
90.20477981570693,58.2936222868173,282.6278047553802,0.761761605322083,2,708.0347887518665
72.46894745458738,65.85300291194584,920.6844244003177,0.7933983204890724,1,894.5630114551814
134.66710505082435,91.70528833961478,819.5192041842574,0.7764044634518033,0,672.1965523077711
89.91953026577904,137.94668555898764,219.9350299879278,0.14238792498827013,2,753.4056702213684
53.511681110966656,55.729074672228585,772.0523886626185,0.5510347274684173,2,950.6951482778198
66.19415702496312,71.26747067600306,476.67769933298786,0.4227084144433829,0,679.4202611829679
113.925034035617,140.83456755415963,113.85698946451286,0.9914862967950905,0,586.706977105408
128.2905274171724,139.00146741599218,575.5305883385998,0.6540698690583361,1,772.9143913731349
71.0934388488713,117.94508332959413,217.04179607637948,0.9352020913957291,1,761.0930220426832
141.73955892661422,74.04735540952379,288.9408817842352,0.1453503050084376,1,435.457025456829
135.09971200521645,91.98105610557857,726.4368652816837,0.45087327310022907,0,610.5543056675253
134.8380754061081,71.1220994437965,331.4278334270765,0.7716076001058686,1,595.766406561849
72.76611467992142,62.858850912520325,902.699381657635,0.3678577280304026,1,853.8123672028931
55.05359886500577,87.99983945138915,691.4527825817529,0.6325084961536467,2,990.4602513865186
136.74235394825837,107.58216050703501,849.0551364197281,0.5117021723736607,1,827.1818697476675
80.58002287385673,85.99326754648052,653.6705844971657,0.9919294092179923,1,874.1030965225222
111.89163811735258,111.08245504659698,881.9646319198142,0.17387254006549147,0,724.4477940260294
125.996688370073,79.62547353793055,425.51620751993516,0.9353486953301278,1,691.5229591256743
62.82932585111202,84.58505277607904,594.2265191970217,0.40157095380329677,1,824.6308116584332
128.0838354519048,129.06735916446095,564.3013603999002,0.4679929663772945,0,795.9446788118901
143.85114589610657,137.8314730893858,913.4116372701734,0.528601883689979,2,887.1002303327205
122.83749657464091,82.20340815310522,248.42386774775218,0.26536654943357985,2,594.5491348334341
94.12227484805581,107.15158013452762,620.2546868680232,0.963657442610793,0,804.816385203915
137.66781387517028,77.81622838922681,778.9880748042823,0.9114872052347894,1,722.96903762895
102.7457630072559,55.33346417074275,433.0447844802943,0.9729051002113627,2,698.1105371032854
124.47709278167541,123.7857181360408,880.8233721543787,0.996919572209523,0,854.2522818427885
132.0505943858604,67.10034832361504,435.71329036996065,0.669800095180972,0,549.5885916597517
124.93528616990059,92.57125237469171,255.97788390632448,0.4516854958057447,1,605.8039526958178
78.7854876048154,98.70454933791568,625.6435198645286,0.8507339014963048,0,817.2102978435395
61.78439009058311,68.4471584179106,478.5112090335812,0.023804877836338556,1,665.9349596566339
73.83385293620601,59.45553506633963,113.6710942138041,0.8344040447135034,0,546.0059992893989
100.28749369803532,84.80130146710707,162.8547332441529,0.49728602421100665,2,552.4502407913196
100.5276922293096,145.22859075503186,275.749462185931,0.6732200270834178,1,820.4516399794849
108.26443493145376,111.51355899884214,792.396963566337,0.3740460613425076,0,725.2291028025579
89.51018375478908,88.14102284029025,902.8355644303734,0.3686231538668159,2,943.4776307470938
128.68913814500277,53.891082077421494,591.0767866128002,0.03171715281088772,0,499.79157890076505
141.31537503472077,110.02732813910819,195.00891626271113,0.4237894304290133,1,529.0551969489936
74.67250534794712,59.22576409353726,580.9770570176613,0.40835419541933005,2,766.3971916413835
123.6523217701888,104.25440710475263,870.0449145372505,0.22479110186807127,2,770.6278362439552
117.79718525450447,125.1950508271743,774.5298662103306,0.24732327353976746,0,683.1956043264415
102.3090499279315,92.35853482947863,361.9883473276375,0.5841395804425117,1,743.6886785312541
68.85302338741602,79.94114948165245,211.50154835952205,0.31777144253950307,2,689.6176795708698
129.52322585827096,54.73842338175986,910.6135297860187,0.8302519090172897,2,849.3294492580542
146.06262856288328,52.47778751615968,868.6798719689899,0.11138510685706648,0,615.9529610161362
122.18363322336134,93.00265696455213,148.34382863070323,0.5776449465750436,2,562.6410865825812
141.7859996625734,138.3345270702968,841.3070408421079,0.16004472713910234,0,729.3752694179229
148.41852649479998,74.40627787931903,187.49137400644554,0.5282406269206588,1,444.1463788530767
85.20506742392382,107.40555057818213,156.95527006183332,0.5525458869503187,0,543.6964832857536
113.82235529263369,118.43058196797618,782.7408074316335,0.6422976865257292,0,770.3801654997194
97.3932737638078,56.08298675013614,582.6795597324622,0.4274249472728937,0,642.0703608317959
148.662874686323,65.3100375803377,473.093221681287,0.5094746851292544,0,447.6690079822185
59.38078240077249,83.1276793419567,913.4759763784198,0.18095261608129332,2,926.3666127071999
91.23749142972247,117.00931741485705,855.3732148609784,0.46301534973632963,1,878.7971671728562
137.5539044527236,93.9035112228097,151.86112439235094,0.37303038909429054,1,578.6330658633914
78.40513105265154,123.41950682182453,654.4785177470551,0.6661311046544097,1,793.4430515624317
128.77928506388727,136.75978655731925,795.0406628867124,0.43482172349648607,1,829.7444069247472
88.27831627802557,125.83722765985429,595.4415217974569,0.7793416509802202,0,795.0697959768019
147.99785398901582,149.2247207313249,984.7049491685694,0.42599209857369214,0,762.3429009565659
138.35298364237076,125.43610687316496,717.4427541827935,0.23577117297395866,2,745.4062526288095
80.13203576626154,135.21791950074504,193.72871142732276,0.2736887189585846,0,677.0786731519514
127.01931135378551,133.2366358465001,278.4682107999581,0.04528522509163657,2,661.4019466312462
83.68565438332686,123.02657622800466,843.6210590795158,0.5399188106009101,2,981.5921853237686
110.63628402155351,130.18018166558906,997.08100582987,0.8308808839003218,0,961.054740875501
115.8480768393292,143.46832278674103,188.50534018515071,0.7691117068175701,0,690.3347125557509
132.9595409085705,97.52073785262925,190.29638606054357,0.4377894663384714,0,503.09574404264396
52.44508408820149,113.82870239125435,787.0483487289551,0.1961203551445122,1,895.470696198869
72.01578911522996,101.49397215727727,157.91885354488562,0.8634844432974528,0,686.2614864920722
121.19178105885787,135.1036987192073,161.70410445836274,0.0567810340450684,2,628.577398650192
106.35232369695373,93.13596028715074,899.9348347086963,0.399222725202494,1,773.8662667645024
99.56050782011431,131.9726771144733,820.4048310866058,0.8566151423839511,2,900.1131125194394
55.520995670798044,129.93545750571388,893.406879877944,0.3931766874041964,2,953.8161637103459
84.82758834614563,146.18861013685904,685.4620619194783,0.11787547075695992,1,858.6200800492423
136.51002319106482,74.89206992574188,390.28277974497263,0.2659495003457961,1,526.9455665842552
53.089283703603215,120.96195098859123,915.681871299512,0.6000294417429484,0,918.4114116018184
89.64362353648121,125.69194976474863,368.8511724769886,0.15203590769457087,0,701.7802866532071
144.51482876707726,143.62784928046656,347.9597555093644,0.6549353268423558,1,655.2321179013275
55.08807345450146,140.69024180555311,897.7603772734941,0.43816193119924574,1,1099.790446149142
124.97057510446368,107.35258617084483,712.7403332438871,0.3343895008205219,1,738.9208675793642
75.76126161820365,107.91531858639797,906.1048762383185,0.24092548052316387,0,797.5755051622407
136.66088321536725,66.72912284042295,240.31116032857517,0.8233299858567095,2,584.2827781566572
124.60679789593651,147.4962702423771,957.0671179890683,0.39667394746340157,1,920.0561914318246
138.5705170858363,75.5017462703427,651.4679410302944,0.7384792656062277,1,628.7269625110262
71.5924790431266,122.47362184512922,701.2315396840849,0.44035519263738443,1,817.6403338538381
103.1292754818605,129.57950048053124,922.6545222938064,0.09186718688677942,1,864.387860604881
127.92699435748007,94.1215504611381,442.6776772251658,0.4405059751672604,1,557.3569772194185
74.5699742994981,71.1193720029058,747.617495226276,0.507687779735764,2,920.2229739070301
73.07463052672169,68.89603842196868,676.3065590120356,0.45784219349337685,1,762.6158176948275
52.7182133497585,135.64960009015917,808.9774469793642,0.8162417117482725,0,1079.6949139651254
145.85152939754522,101.07564867485148,907.2485126499765,0.9108513490430293,2,737.9385520575831
121.00168800546234,59.01369820382667,712.0547698870852,0.786778675211034,0,654.0928274462934
113.55603540101848,121.70194727628886,160.87559905275793,0.5827819022109597,0,632.8833365336203
124.39947226949909,75.01710528050296,264.8263112648022,0.5414499605548907,0,437.1800972460604
103.16129186954393,137.63947507508794,958.5803640403757,0.644616030123659,2,994.7448297089173
97.61338210904103,80.95717860299753,971.7854260395036,0.2878302964393745,1,806.202215181142
94.95322411235209,70.02708300901432,970.6719823285263,0.8118468461486851,0,791.6341223805578
114.04392121036413,58.485844355493434,133.1194603601062,0.8568481776036609,2,581.8094413081684
70.15349753923832,101.15311366376474,444.2033511544764,0.26721716318183053,0,629.4580131826119
138.80586950148697,95.07375878182873,783.7054335891964,0.9028182081400776,2,801.2047397200911
131.1752371219265,125.13121446031428,777.5972232920478,0.8487327239916674,2,897.1047601391949
84.95636114520339,96.46025871930364,177.31801445496268,0.42448676748251024,0,563.4825944195441
107.86092968125243,84.3815968924371,648.5399983805671,0.9090002020927456,2,768.2933638882948
64.10272999500145,76.16549156329441,228.5826566867717,0.12043899381150813,1,672.8069388542525
147.23462479335979,77.81467454699711,543.888399581014,0.027986559208900363,0,502.21202724046077
140.28926876302836,142.7847901827814,315.7171307570094,0.34786682559405435,1,556.4751066924883
142.18975064992003,66.50786020878124,147.8450545612549,0.565435698827345,1,369.13244645559973
83.21630477034516,148.81764245571503,172.0174829739486,0.3514426145328662,0,614.614006479559
66.91347073828558,82.69194551922249,919.8036547569174,0.9420677336713595,2,1043.8048905687315
71.17721634663104,58.83902354174975,770.1813677813807,0.25471022905514507,0,741.8745526667999
59.00013910450899,74.8690380787865,938.6415835956554,0.28121339359267894,2,989.0382178924298
62.011063010138436,55.84143795546187,522.9909391001975,0.6348276125448551,2,788.4055620824063
57.130453418484535,129.0029769163916,471.96324905752385,0.0038638823417082024,1,758.7933160794266
148.98230692048736,101.25529125411055,422.566563251886,0.7275570523545992,0,590.9512247976176
57.40576833690736,83.6986618866801,654.676386446881,0.3774694830931572,0,753.9038181087848
63.254208095141365,116.20496046315625,416.40344827420023,0.977747867643296,0,823.4317624016924
132.72545955907364,113.06465259503202,771.6459105838055,0.6914175930297486,1,697.2526636855066
108.02402167429432,143.987208922759,821.1855935942759,0.052214955082343084,2,854.3071530269681
127.44172045693324,146.12605167483798,888.2601340864429,0.09262780874197363,0,816.8987918987428
113.0912007772655,118.06837756654053,318.5208372207495,0.08816810692415855,2,616.0438152012778
138.2175070328948,131.78159272441684,574.3198443631379,0.9526222598919437,0,747.7149071084199
113.84675277647406,129.24251003351787,301.100155056855,0.6840515412175877,0,518.939890525747
102.2125092903151,99.13035326998998,133.800241078307,0.4276060072889357,1,543.0765849301147
121.27496937612997,120.4458288033417,737.0427737528539,0.20048268988003104,2,787.0702297108861
94.73927517921095,57.825900768357016,594.0831465416122,0.8736397464358032,2,867.1313194639962
84.60638229047348,125.8021083150307,751.5345515977752,0.20155592767134045,1,793.6984996199312
96.76524524502125,146.18330071923677,178.8606202658834,0.7066792164758174,0,702.1692160245849
66.97141050985607,58.49747531257384,995.9735611557478,0.763324361545346,0,930.9031881403856
129.65717298026914,133.61157845918547,994.9137102523288,0.2946560888554083,2,863.8619556646113
76.07037813359446,143.29800266492714,518.4998429531614,0.5049147371706423,0,791.1489755183318
65.35315463370475,72.61888898020621,879.4528436654524,0.22298928231839388,2,908.9797614318201
74.63522417832269,102.48111876092037,319.2117002250011,0.3789296574554981,2,680.9993589376336
134.20701517722398,142.78582254629885,763.8095451009673,0.9651343982800088,2,881.8912506261497
83.02012955977314,146.02260045229679,891.3032711322093,0.6931380346544302,0,1014.2286680168269
118.60498695059002,62.788238435231634,833.1996394727007,0.8466142061905151,0,735.85268090847
135.64096306557394,84.90042255554506,830.5966704170417,0.540599571466741,0,661.4615716838575
57.77446669250421,119.81446411508566,516.7239688799785,0.23903974215135615,1,836.4216449338729
126.50244051780429,72.15584993859304,837.9909530008955,0.7128798566671936,1,771.5121132218221
80.766546637903,82.47706286344808,721.6343317191704,0.5005679607905664,0,797.8030253515324
71.66223641840426,52.32910600046933,219.20625832978394,0.1768488681070587,1,535.1601469741504
118.89014524529722,65.35216809311989,202.76596365806813,0.41242988961821025,0,517.6042606528654
140.97966227332338,106.23294944177438,794.7299223411759,0.6348402190163059,1,808.9238624734867
79.50192087123955,115.30900663041828,662.9176798956314,0.7353318566822382,0,862.9253020396543
106.88338053843191,114.8911831095837,567.4385054722397,0.24322079589035173,2,725.2376573810025
78.98341138494915,127.83604707782168,916.5356117639453,0.8759973393493311,0,907.542305778477
105.4285585726428,91.52814137387915,693.6313211840967,0.379551107074678,2,773.1661634749411
112.18620306543406,77.34907162411555,456.53207057947014,0.2711367178927484,0,554.1237069919877
111.03353887901798,51.5580700042525,472.5386273585654,0.1951200554537248,0,415.5990117621018
112.35463696427459,70.66298260523868,644.7199247358265,0.8041713344029736,0,693.193966741902
63.50797922175241,81.23878122020372,784.2477562177136,0.35416457496606246,1,918.8194350065364
119.35404695867196,67.82068564804655,607.9179762542117,0.48339902788793465,2,723.294998796874
117.47503563802233,52.01444714966023,557.8847939972618,0.22281982356387564,0,488.1338323608275
118.25881222168832,65.74476086651916,754.2106323887637,0.6860910711689315,2,729.2780190118282
57.40705527387063,116.60995535675724,734.7380949163327,0.7810334075524223,2,1032.2552407931976
94.68388424141526,112.95854164725958,847.3121565522049,0.3394252489533416,1,846.2407632622928
90.90351320457297,143.56836393980424,156.29660764956498,0.945079385371402,1,771.4296697149266
58.67114836431991,129.81682913973094,779.456918873781,0.03061060956023609,2,993.5616849240492
72.23679278968106,106.77561168411913,562.384405856521,0.13294310327404035,2,878.986359944612
94.09626317980367,63.75563474932113,167.22380802983668,0.5887870315604908,0,452.0960897504945
124.29063098580822,106.4071818925157,711.1090253525678,0.7014068620483797,2,824.9442796536775
73.70620769846632,56.15950609141808,744.8861746017485,0.250682989509059,1,739.4399613720196
132.97499101249116,93.08848974108528,571.264452590216,0.5540710968913485,0,596.621141839495
104.57982857394634,89.02586289471955,814.4190798847866,0.3183862470428127,2,865.2704520138792
126.04216851846175,92.78138093629417,370.2232977663714,0.5540892456215902,2,696.6262217345582
97.25559833368571,77.98259183947872,281.7164966782925,0.6593276777642525,1,694.8719471651428
99.91942254222234,118.58304476238237,415.66055656895065,0.9728080535690574,2,847.1485979625654
111.97193893796401,134.09444672987794,469.0454619663798,0.4556968600211837,0,674.7888521218555
142.79706081658242,126.85169925989776,726.340242161952,0.6482160402713806,2,790.7014927430896
99.181258141291,112.77520957908803,860.9679440904049,0.5780392479199319,1,789.0079719514312
102.86575381082909,103.83447993330132,748.8263710708088,0.31755489388757296,0,796.9202487390917
110.19969635275295,53.108418000803034,256.58880316264134,0.25306413169772035,1,474.17476774093046
123.75151372977258,122.29339986919211,429.59537632023165,0.9878707217447237,0,704.9470567617077
57.18503354862343,104.49829395784974,242.57234210300018,0.20685236170151533,1,738.8067746799244
101.5687438521972,77.07410506638868,718.0517796022461,0.7902752670742368,2,768.6969089461942
98.15915892060434,82.78420388534417,323.3546903952047,0.14658739102076102,1,538.2109786299399
142.16849842375706,143.56067864697414,572.8482395666622,0.8043512693612508,2,877.3580070296174
99.35065804363411,112.43622451172271,812.6468588752159,0.18572844298954805,1,825.2441485612641
96.8320534694331,97.59124346575283,703.8453474294536,0.967156644016167,2,866.9594902320954
146.2199988534702,112.09217397084078,368.53659159861945,0.6859876565745173,0,541.2048913059197
95.05764636008816,91.3742324985657,399.58007555470675,0.09011824367582888,2,731.8085635240866
68.08844303220903,97.01822732030162,688.0278579427286,0.6931771194590108,1,925.1184301977719
71.69161228057882,79.03092567076703,594.5209744059498,0.6036207627815519,2,770.2393799698201
59.51875383369742,93.98533005916445,186.75413872303994,0.3375462466939585,0,707.960399862186
50.05681292589445,118.55922324379105,886.5924303461916,0.26073599775671463,0,978.1676414259945
93.19456610004819,53.99419250864692,561.3519232482657,0.7187607817481522,2,739.3038357450359
126.92425812982215,129.50274072961548,526.0249118777189,0.7413613729498658,2,729.280249745602
123.3466442799836,78.29795408613128,278.59540296903606,0.32720584895253657,2,622.0432315715905
53.21490878028502,118.25597934324998,439.29443707348355,0.8762271108395037,1,912.545172158328
106.99829035940328,114.272531468006,399.5423760835892,0.26882721888849126,1,587.4040097358895
65.4283125413476,115.26280491413054,343.6621145464842,0.06986442597481102,1,710.9638349323939
144.10762847646973,110.81289162558029,610.6659171820959,0.5998678448275786,2,881.2199932675377
66.73649996441793,145.91018380695348,516.0478242522538,0.10707057283161614,0,790.0873760402752
112.66392176974816,100.83441626953908,900.2779167832006,0.27666406426648527,0,711.0405737301155
82.62383621640568,123.23191155153515,947.2095793424448,0.5071863930484379,0,857.2187389220853
114.15613259643523,120.54493312345777,297.52608630528175,0.2863596223572976,1,708.6927821923312
91.22585964640751,73.62675772783304,190.09488589048948,0.2149963424200444,2,639.1842604250417
125.96430523063947,78.33058391868256,806.8037963389745,0.7031854149056544,1,813.219822180211
73.06791253278578,92.40170981569679,995.375263274748,0.5469993414022956,1,960.0838236553349
140.57918529142603,77.76979304632093,877.2400628687387,0.8397612482502805,1,809.0439978155442
100.02096493133521,86.67430989299598,121.32766190686125,0.5812395946554776,0,475.7587590277179
125.60931477128528,89.09606139283059,326.1371956358194,0.48344721177377836,2,626.640856510025
134.9730191401227,110.3864560938344,139.00804933713752,0.2612563516107882,2,555.6193283285247
149.8828610954805,71.98900427350617,838.7014393370499,0.7920658750912973,2,812.5888103262939
72.39456655939583,130.42918658766874,623.2662786630847,0.19687100856436723,2,911.4959900261407
78.68924135634549,93.75363567715047,562.3466870503485,0.24222841097316028,1,716.6466035255975
75.04330867318882,120.62441116832468,599.0048937968747,0.84158859675307,2,943.3617048053056
76.28713321597826,58.144248124081784,327.20613282693205,0.7411925257292111,1,583.5864030373211
108.24447415393774,96.99653941243669,641.4745322249765,0.6128734889795205,2,685.9950538503126
149.3522523145843,52.82195321773283,127.60028061762699,0.038920530786573426,1,362.5965154214309
149.02780870927546,117.59099918155648,681.4105515737557,0.12725761828472648,2,674.1216896832775
102.67732313623077,84.37100769970695,760.9904471609477,0.49995746018760967,0,708.445192798727
113.90272102646739,144.92528141058287,705.7236373406445,0.746338923482891,0,854.2199818283838
135.99705437016058,82.41242146014193,398.90576648099824,0.4641008641918233,0,573.5093639264521
143.29334584535053,106.38058980177269,843.6366236147884,0.017293024414783087,1,707.3240759661436
70.38606273295439,75.73875756946147,743.9895974057339,0.1842699986668217,2,939.2770072355607
102.8541728942453,112.01126289473403,215.4675906318501,0.5887666996202181,1,665.6849583533456
133.28370546615122,96.70423501332345,275.62979848448356,0.6942170596879913,2,635.745509169732
80.32020766345917,87.0628261505633,673.3975718604148,0.033428312711904384,1,757.6325567141696
93.98090424804667,70.36893490801799,360.4745202004235,0.04333175346050033,2,558.8029365930431
148.56211015120078,61.15213439714553,207.48964730161327,0.26131011545636296,2,490.44708722919427
148.50466967208712,61.98791339566733,239.47209383490298,0.08350169538656493,0,211.87870521982285
140.61068107651818,149.90400175055532,249.05546248636057,0.5419462321933647,2,641.1908173293452
129.84483448280577,91.23107268572346,530.011816136544,0.12370198195668047,0,541.0987356382606
76.91305007228058,50.19297078733395,646.6469080865476,0.6482193349014225,1,712.6893440842938
82.08500740671874,145.29287906260143,258.76204736897347,0.777225319307587,1,767.5606225382958
104.72828412048747,51.99799242298126,741.246949326899,0.9705166637521067,0,799.6428862861765
106.07773745620122,91.85861255545336,352.9113467513756,0.9484069616377143,2,792.6801600079041
100.55028193570669,121.7477585970656,380.40232455456476,0.2733651502352782,1,649.4235082174455
113.66702799163062,141.45992443717617,301.14875896669685,0.029409602623172826,0,555.9131864123462
90.83230226329889,121.2886291432101,806.6855223488719,0.32941221611176796,0,749.2579781274561
124.91741573155329,96.36257549000118,963.8324496431893,0.7084801187126533,0,818.7677574740603
83.35499264783553,147.44420389841034,543.2498638102834,0.05980120927253929,0,741.8385603233298
83.06769969463525,53.931938303327044,137.82757728879298,0.3597126576714287,0,382.49008713632213
62.7225961891828,148.68922025380078,334.5123847829283,0.29803454754690695,0,768.7167659540412
68.87122100289193,134.9391551708439,242.24526200696144,0.2193456358189767,2,803.7686889810942
135.05208789213577,142.8930017126359,858.4860563668161,0.7061307547303153,2,952.9400423071812
94.62823385804415,75.47724240975367,176.36858868988463,0.6590970050243741,2,636.4413586079919
72.78677865528337,64.24580722842697,969.8286166195454,0.5354940940343433,1,868.741255334603
125.93411000223874,116.33152793727001,629.6623989621634,0.9107746396815976,2,923.5495057045146
105.39811258168595,101.58594379861199,565.9658083667468,0.10313885273027246,2,730.1534204442584
52.115601142329346,102.31679607443795,862.6155601772681,0.14968922447813082,0,909.7374746574812
81.63614573367151,142.46191784832178,124.79285916231055,0.3834496792194131,2,715.0555678371257
67.7001411121341,112.00809066532622,799.4374744663087,0.6558820518629006,2,1025.3686552857996
115.58728609828405,81.10638351045898,204.9436410116649,0.5840792922454121,1,476.06161487644323
77.50310406302529,90.0066556417876,856.7002890463889,0.07404268746793197,1,803.8810663741108
56.49467792099436,63.34958350918512,576.2585973140756,0.9584248037464674,1,779.0803290522471
55.49349891976693,69.23140402756893,155.0164621240826,0.3050648164613915,0,546.4976535755292
108.17272979587149,64.33500702095385,849.9205349211919,0.35897261378309386,0,748.4435910359801
52.172345570408964,131.02913412113543,124.58270536412648,0.6236297990434235,0,693.2448057894916
134.8792113136089,120.48734679721188,224.53362360424313,0.9451655174597346,0,607.5986325813166
65.53971192572756,103.03450176108518,818.042071443966,0.662688239103272,1,1013.3133961562671
110.65663351954298,87.43678336275707,518.3840114721019,0.9547733295477041,1,725.3729641348995
94.46880280107456,116.84942903243505,893.2498339193504,0.18759111882047896,0,858.9936966387407
94.28515212319024,131.29053476957608,671.8863455119752,0.618809928972935,0,836.5817925901385
57.179714236004585,138.1233215671709,661.1758789333672,0.8288788918762848,2,1042.3715644119056
130.27522502122156,104.70162282063336,363.01159551881335,0.5090244682548472,2,688.4276326120989
139.30524847532524,131.98851218197007,220.31247119656018,0.36217367582934046,1,651.8833112571426
51.10166673842285,101.1305953412695,965.0551518070143,0.9847585300318772,2,1078.3577858790804
67.86041756971177,97.4530089187891,194.31792022905563,0.1409873403966605,1,592.734080048506
140.3904188795479,136.54318556221003,576.1095400662109,0.41092952752865664,0,594.8558418569537
104.94936128000582,88.6373936264664,345.3117317513022,0.8733737525606602,2,772.5592602346877
65.00395782482101,89.59126790407024,337.7265972233092,0.9004807465059209,2,881.4847674305603
70.2790452609159,80.49113452849161,635.1275973725318,0.9803821015597741,1,832.2750935998575
115.99862442371142,101.87017282946167,818.140705460982,0.8848475922643815,1,729.1000305448546
122.4816822246873,104.48500336894608,799.4615345481508,0.050957025387412536,0,634.0573436445726
109.94268085799352,116.0461145310457,881.9215202741982,0.9297664996274883,1,931.6635249525162
145.31483799125257,93.05023101095705,363.61246412113036,0.4281671914067853,1,529.5115893036593
99.4063603661777,71.78372918835993,519.1762435435664,0.651619187456582,1,699.6181866964101
80.02719121425267,136.68420624138759,108.40111589802245,0.3942758691671191,0,605.0498671494482
97.72329099757965,84.60008672380144,772.171860822729,0.8136680766135487,2,926.5767053259626
85.9666293666611,142.29434198401748,372.10880092805473,0.5759192763227661,1,807.7212257258616
72.44158926746863,70.73533330264557,605.3441799431678,0.8455446425540043,0,788.8786204808698
54.59632493401401,106.00574762362305,252.3702538175056,0.19377147152076724,2,773.8549829574396
85.22124935651242,103.66150935294522,837.4595564208956,0.18498309475490227,1,865.0648177424642
121.14093477097423,132.86478479269954,835.54499735045,0.440376801584787,1,854.5188253713037
51.84378028751938,63.88513867508298,889.70762327766,0.004751544962480536,1,800.9479210322404
93.91785132059347,140.99371729174612,141.34329739605056,0.6928529548962581,1,720.2597262685844
114.40094014498683,103.14281721720701,993.2128387975123,0.296053727808011,0,822.3810701419221
111.04041091743072,108.61093839143663,323.00147299572507,0.5572993462144499,0,655.582172214989
127.66484358887159,101.0166293297767,378.4903174426145,0.07000356046084688,2,624.3452195958214
131.05197156597976,53.60249068362665,324.4021562714015,0.17064435938269396,1,404.61010619991555
121.17058209193878,99.70906618065982,340.77942852987917,0.6228591700219328,1,579.9998978047302
60.279769614474944,76.35496626769906,597.395220493282,0.3056626271110431,0,710.7499536089982
97.50224440043607,84.26881803778315,315.8294898734016,0.2147219425856337,2,653.7084114397123
110.34059574876086,114.910159918714,454.3941802603643,0.22884650080776792,2,711.374536604463
74.55660388094516,99.7697129474106,690.0459241988938,0.21481936472549545,2,804.3017675581027
54.25518176467765,59.32182126674604,852.4235832199541,0.6228509494305482,1,837.745690211346
72.35903208760469,57.30412747617589,723.4673502401915,0.16769121446945712,1,640.6602788131726
95.48944017326389,68.56576956173703,634.8905603085909,0.36270635917989036,2,594.45749779416
91.39303190546008,69.08851465722236,232.95570628696183,0.6878868655934522,2,653.3685765432548
67.66669813271616,110.8300756971365,834.5040413871543,0.5136710573476506,1,1050.0558510474202
132.44155426834928,67.78144640455429,133.5473991937348,0.5972808707754839,2,599.1569882577611
142.56866687367244,138.17194232747704,337.7724969117719,0.2509069794637485,2,591.705469853899
70.13483190527153,70.97606606134131,151.35302523876507,0.9327148731652056,2,724.8143476301585
142.95729155672217,59.11314454263827,700.6860780260163,0.4138792483163356,0,470.68709288950106
51.78609591751808,137.57460163596468,431.533974334163,0.28696393661233455,0,738.0361300184722
142.49624727069454,79.5327576076733,686.8436348843801,0.9043261840584723,0,575.9591299321063
145.19287900809078,92.54226298337358,412.32786337323125,0.655289615264387,2,615.2684476401112
51.20518630159252,145.90263840124425,510.16665771954473,0.6139458631384505,0,877.7206366361141
126.3019296776748,144.4369219157774,512.1649091495628,0.8867346521661681,0,742.5326102568424
147.02015725698433,121.49168892649178,141.02258830079015,0.05854028627138441,0,440.6782066682812
140.59022188177784,56.89389517325547,487.2038737114032,0.8376795120075803,0,505.13230767755806
147.0710161196213,109.33401254113974,676.9579268036824,0.6778643643051009,2,749.2127789060306
105.03235056976393,148.90779350422576,591.4470214678904,0.35999279478012935,2,800.9681194360631
57.81561398853883,144.69162284239803,167.75538965045854,0.2563513425238556,2,738.1575824126335
134.97891978050362,60.600249251994285,701.250387118074,0.10480589988155764,0,454.69887537702806
111.38282558090116,89.59673030903687,377.9764794237349,0.94107417024669,1,710.5001088883348
111.4736744188289,81.55367459028393,112.99132250111988,0.1419121033295362,2,507.79345108596294
91.72536098586862,62.972810690490554,240.0360013758207,0.25943853573088427,1,455.6268684062347
107.18419765211091,119.47983112487609,547.8036915849036,0.6911071795694699,2,818.6129078633718
65.35797790861145,77.38483643602368,379.3614931270618,0.7101524378859926,1,681.4515093648006
123.97700265661503,84.48658031252978,724.9447123781957,0.16076870460259396,0,698.1751727543444
57.50173073515423,59.0358876701418,316.588128009188,0.8141311607656276,1,692.0707689841195
122.9780767043792,99.79675587786656,795.5165516276518,0.5102872691763625,2,845.9295334810093
134.8978422624854,65.81678636520564,357.8294632545819,0.8484566781151089,2,662.7288746833227
97.24686775644882,93.2090423579489,658.7773368259741,0.08728538984754453,1,667.9589988961302
100.98303660570494,64.33422221033015,819.2947422260621,0.042829999093689675,1,709.0391240124319
81.22142729220784,145.38498899501457,447.000515779374,0.6369903814943497,2,919.2018333320167
146.94585837255875,64.49825331971427,142.1244476339234,0.15002379710981684,2,422.2559309896453
123.31244745595453,102.18871538506332,581.9009689529928,0.5249490457332999,1,710.372831640262
86.8988553300345,69.69798253189875,995.8681553900502,0.01410875928450872,0,691.9746660550326
67.48073862330051,57.636180347260925,972.0926797392223,0.7799292605482002,2,996.5690382270562
71.95795922020913,70.23086188420982,298.9199745497514,0.8995301701785016,2,734.7780551462525
96.39222861100501,55.477410739043606,780.1268584818272,0.838882761964288,0,750.061660871327
144.2568400314338,63.93973831209888,410.45664863805933,0.9583528131504183,0,559.1110357621377
123.41463457609181,99.3484157763217,244.24523216478232,0.9030957546587897,0,597.5883091497918
71.52437481791497,115.18155210575742,699.3232305422439,0.44401801829036525,1,893.9971359046788
135.95611334188982,58.73398150717834,550.7818565740921,0.3983482084436466,0,538.5127329815921
87.82005230096811,94.10186239042685,585.3075018901095,0.896183667971543,2,896.6534400629108
135.17221827525185,108.12470228533519,844.6533960119576,0.926938795357227,2,938.3303205417225
74.1699597981131,73.42256762110615,402.88930829868076,0.972835948318037,0,702.7847589522725
111.86606119363177,87.20784115160254,700.3852836000967,0.7683172348427827,2,822.8397282020924
142.6670488081282,57.183486973360864,429.57232026636274,0.20198882994138034,0,467.45496666672733
75.7894009147794,72.01310802330948,138.45150692238627,0.9449541361107224,2,677.4832354229547
119.2926590585855,96.67529259189399,440.213596602714,0.9471414668162196,1,626.7522402139424
148.73126199571436,149.04421789253223,955.0310168837212,0.6661313639129715,0,835.3095655252696
65.05982872430035,149.62650629391334,534.9362338795754,0.8572802663494847,1,936.4782691072854
58.84022907006744,147.9621681124288,197.40739315318137,0.5611764211639523,2,795.2887174837726
117.41951924448162,92.30863863003276,719.0441464386033,0.9441269454117227,2,862.5945325947647
83.97359477490303,58.068037841466506,967.0414147466691,0.09393639659209119,0,815.8819946812296
57.124447736659114,82.35734372493334,917.1507218898314,0.8639636964847707,2,948.6233682883915
97.53056178836042,73.77143753709773,614.7647540273248,0.055503629037139346,0,661.9065322507192
125.37706796439558,51.41265749098546,438.6526699136781,0.3391070522180205,1,396.4680185214505
78.51224004151888,59.52336102883754,622.6099016583164,0.13532564261526192,0,624.9996609332768
83.50468775051348,95.31919350490661,834.3379559793245,0.4791350924629122,2,1004.3531202329902
134.56994006469722,83.96624638042971,875.1136078166088,0.23224615799246995,2,732.4574925922966
102.0071912261488,68.0353721634483,836.9594964481971,0.9520723793339971,1,829.1271208968332
